USER_ID,COURSE_ID,RATING
110,80,2
483,157,1
326,231,5
189,233,3
364,338,5
20,200,3
108,216,5
184,70,2
319,216,2
305,343,5
90,103,5
393,266,1
404,90,4
39,94,1
242,60,1
208,283,3
406,118,3
320,215,2
468,146,3
306,203,3
295,58,3
19,65,2
491,86,5
451,17,4
60,298,4
167,340,1
347,322,4
415,112,1
393,222,3
434,316,3
269,296,1
461,3,5
326,135,4
330,180,2
260,43,4
270,200,1
419,128,4
140,182,3
24,55,1
65,65,5
231,228,1
193,75,3
362,42,4
134,247,4
79,42,3
187,317,5
392,228,1
405,159,3
180,308,4
278,86,2
140,238,3
364,112,5
267,99,5
48,58,2
52,48,5
336,231,1
384,188,4
421,205,1
197,156,2
165,229,1
392,208,1
449,276,2
200,134,5
133,28,2
492,76,5
103,282,5
436,135,2
436,35,5
130,112,1
300,345,4
307,45,1
83,195,1
99,58,2
449,202,4
366,27,3
57,275,4
357,292,1
120,224,1
92,69,5
430,18,3
149,73,3
424,257,5
140,316,1
146,102,2
71,217,4
84,11,4
50,201,4
486,273,3
341,112,5
403,277,2
261,176,5
342,247,2
301,213,4
4,343,4
194,269,1
98,239,2
79,232,1
176,274,3
344,184,5
481,106,2
495,185,3
327,324,3
412,152,2
246,298,4
298,62,2
375,78,1
309,96,1
188,65,4
257,231,5
242,68,4
467,87,3
111,118,5
319,195,4
366,232,5
106,330,5
451,130,5
81,46,3
85,218,2
150,140,2
160,283,1
45,230,5
114,145,1
246,90,1
80,153,5
65,115,4
137,102,2
149,308,5
407,193,2
257,43,1
54,30,4
333,296,4
260,248,4
196,246,1
178,126,4
465,125,2
93,282,3
258,73,1
152,243,1
78,26,1
47,301,1
467,179,2
400,229,2
343,242,5
55,317,1
268,236,2
449,143,2
37,102,2
250,208,5
434,329,3
330,286,1
342,37,3
270,282,1
32,168,1
242,254,5
493,267,4
184,261,1
407,27,2
307,226,5
199,58,4
36,292,5
320,249,5
272,341,3
318,83,5
289,314,2
21,143,1
126,26,5
404,166,3
478,316,4
402,243,5
72,23,5
37,30,2
262,321,3
259,307,3
265,198,3
483,113,3
219,139,4
172,84,1
121,230,5
250,49,5
284,178,4
231,205,1
306,185,5
178,150,2
34,321,2
52,153,3
324,185,4
332,153,3
69,294,1
406,207,3
276,243,4
85,100,1
375,159,5
246,295,3
10,70,4
342,341,5
35,57,5
385,296,5
204,78,1
197,280,1
348,315,1
251,220,2
138,244,3
322,169,1
242,3,5
101,135,4
87,240,2
24,272,5
1,37,4
394,153,5
141,240,3
297,228,4
440,18,4
124,259,2
309,292,1
408,47,4
369,320,1
318,314,5
107,82,4
345,80,3
242,109,2
414,200,1
3,219,2
14,298,3
484,65,3
229,184,3
463,298,4
262,240,3
296,255,2
273,296,4
321,280,2
419,340,5
141,267,2
422,202,2
496,204,2
42,304,1
64,321,5
145,164,1
456,120,1
244,57,1
221,27,1
210,140,4
433,65,5
333,198,1
196,172,4
372,107,5
324,238,3
95,344,2
324,183,3
113,199,1
33,141,1
298,218,2
343,229,2
283,91,4
310,227,5
407,334,4
206,124,5
226,15,3
317,313,3
186,138,2
87,321,3
491,331,2
426,232,2
96,305,1
21,41,4
230,99,3
180,147,1
111,125,1
333,31,5
64,27,4
59,230,2
94,72,2
307,209,5
71,202,3
453,234,2
76,251,4
352,319,4
229,184,3
21,274,4
454,255,4
56,301,1
264,204,1
248,77,1
102,62,5
344,183,1
481,324,5
249,236,4
292,85,3
99,102,5
397,46,1
344,147,4
69,204,5
185,284,4
79,180,2
249,308,2
172,5,1
442,159,2
247,219,1
325,175,1
483,120,3
325,345,1
32,75,3
399,161,3
408,149,1
411,58,5
103,43,1
91,235,5
159,150,3
220,317,1
480,141,2
251,49,4
188,92,5
498,87,3
8,102,3
73,258,3
317,119,5
256,303,5
387,179,3
482,261,5
68,125,1
315,46,1
450,204,5
259,31,5
18,189,4
109,309,1
40,104,2
426,96,2
428,1,1
462,183,3
359,75,2
416,215,2
66,177,4
271,212,4
462,99,1
252,211,2
161,50,1
105,38,2
465,139,1
300,339,5
199,128,1
423,195,2
321,92,5
161,120,1
379,201,2
471,294,2
34,300,2
370,203,1
479,33,1
277,280,5
352,119,5
200,223,1
449,299,3
122,317,5
21,288,3
191,56,5
433,100,5
488,289,3
281,72,4
98,54,5
366,195,3
146,25,1
477,13,4
363,275,2
433,306,2
33,72,3
456,254,5
387,26,1
251,339,4
159,134,2
251,3,1
203,181,4
165,101,3
273,57,5
105,322,4
478,63,2
140,268,5
313,27,5
30,310,4
264,100,4
135,44,2
339,246,4
172,307,1
139,66,3
67,205,4
64,331,2
233,61,1
162,105,3
427,41,4
77,127,3
52,83,2
149,121,3
193,253,2
99,163,3
118,275,2
131,161,1
327,138,4
309,124,1
473,308,2
276,292,4
33,10,5
54,106,1
50,176,5
408,81,4
363,31,4
475,17,4
277,206,5
234,261,2
441,164,1
11,32,1
34,287,2
24,145,2
433,89,4
98,67,3
78,135,5
276,164,3
382,234,4
104,106,1
32,85,2
82,178,3
1,95,5
377,253,4
292,232,3
379,317,4
236,192,1
47,167,2
177,102,5
328,96,5
248,196,5
308,115,5
61,129,1
59,324,4
313,230,5
9,153,1
349,170,5
149,109,3
414,196,3
250,66,3
50,342,1
290,259,3
100,122,1
412,66,5
71,293,1
193,27,5
7,92,3
221,114,5
201,150,2
117,254,2
457,292,2
388,231,5
357,197,1
314,114,4
233,193,2
5,79,5
29,68,3
7,336,5
303,269,4
228,295,4
457,111,5
174,286,5
210,288,5
281,45,3
435,61,1
318,21,3
173,328,5
191,204,1
144,334,3
113,171,2
363,246,5
141,166,1
88,292,2
496,126,2
148,222,5
86,258,3
343,64,5
37,342,1
42,278,4
148,102,4
38,119,5
347,167,5
115,246,4
459,183,1
85,254,4
405,234,4
329,268,4
221,33,3
309,60,1
349,192,1
143,238,4
498,244,2
291,302,4
258,241,3
233,85,2
97,257,3
230,145,2
209,220,4
218,284,5
125,28,2
87,188,2
48,213,4
107,126,2
489,37,2
259,243,1
21,337,3
342,345,3
483,314,2
328,25,3
239,199,2
387,64,3
415,77,4
116,217,4
122,196,2
70,62,3
204,189,2
179,330,4
492,101,2
1,301,4
220,232,2
303,120,3
396,269,4
134,134,1
105,290,5
319,46,5
242,59,1
280,201,5
329,301,1
254,69,2
250,340,3
345,20,2
224,231,5
8,333,3
77,191,3
459,77,5
322,216,4
110,30,5
443,338,2
453,236,1
190,259,4
88,254,2
32,207,1
7,1,2
247,50,1
90,305,2
397,38,2
100,102,5
236,145,5
74,308,1
470,193,2
299,77,3
267,22,1
475,236,2
390,12,2
491,114,5
134,129,3
349,108,3
337,310,5
375,6,5
417,34,2
452,129,5
126,33,3
59,189,3
307,183,1
450,318,3
480,289,1
210,263,4
320,139,3
8,41,3
310,255,3
373,310,2
300,191,3
183,264,2
116,272,1
52,42,1
170,328,5
454,162,3
464,3,2
488,209,3
412,344,1
272,304,1
426,277,4
275,14,4
49,98,1
148,23,5
475,153,4
123,267,4
4,319,1
157,218,2
274,32,3
324,10,3
104,304,2
356,213,2
160,167,3
257,4,3
216,34,4
43,206,1
487,137,4
162,275,4
219,7,5
155,264,3
491,133,3
389,283,4
223,311,3
122,278,5
365,72,4
350,82,5
123,234,4
388,127,1
407,138,2
112,151,4
129,132,5
272,190,4
291,11,1
208,299,1
176,110,4
276,191,4
459,56,5
48,188,3
413,330,1
490,75,2
293,305,1
419,208,3
46,111,3
220,72,4
314,59,1
178,17,4
67,326,5
327,129,2
413,68,1
303,12,2
131,38,4
109,284,4
419,126,2
148,105,4
343,204,5
268,34,1
301,182,4
327,152,3
456,209,1
367,295,4
108,172,4
199,192,4
34,126,4
227,39,4
484,278,4
109,306,3
176,102,4
85,251,3
192,221,4
411,155,3
227,82,1
346,208,4
438,47,2
202,75,1
434,35,4
480,207,1
472,240,5
406,254,3
31,172,1
473,57,1
283,21,4
95,51,1
151,107,3
146,61,1
260,167,2
222,166,4
258,289,2
129,147,3
144,122,4
275,150,4
62,312,1
91,154,3
379,199,2
72,78,2
174,244,4
49,268,5
455,338,3
408,191,1
349,115,2
361,51,4
483,19,3
305,214,4
150,134,1
354,131,3
343,114,1
468,34,5
158,196,4
224,321,2
193,217,5
107,154,1
110,275,1
428,246,1
316,132,4
139,126,5
111,243,5
262,229,2
123,320,2
473,210,5
8,190,3
184,20,1
404,38,3
269,196,2
335,56,5
438,298,2
105,150,1
473,281,1
133,178,1
25,85,1
328,171,3
90,332,2
258,164,1
315,336,2
74,143,5
79,131,3
181,216,5
451,63,2
88,219,4
178,75,2
492,317,2
376,336,4
29,307,5
158,292,4
80,232,1
211,152,3
1,36,1
102,30,2
126,97,1
192,113,4
118,335,3
10,274,4
39,79,2
194,38,1
459,8,3
249,271,2
448,253,2
363,166,5
111,161,2
430,305,5
50,101,1
169,172,3
148,212,2
309,172,5
148,123,5
150,120,4
422,6,1
110,95,2
227,180,5
419,269,4
265,63,2
173,284,2
117,214,5
356,196,4
278,306,4
91,344,5
132,24,5
477,223,2
400,318,1
303,128,5
355,308,2
483,150,2
50,84,1
396,271,1
17,100,1
79,22,4
347,33,5
250,145,4
413,187,5
190,284,4
343,45,1
21,6,1
259,265,1
237,142,4
45,311,3
492,325,5
450,137,5
220,91,3
140,248,4
212,168,3
197,92,2
344,75,2
117,171,2
368,187,4
99,30,4
243,18,1
204,322,3
111,175,5
189,212,4
96,118,1
379,7,5
488,37,5
322,184,2
353,293,5
129,241,3
411,333,5
402,43,5
41,278,2
404,86,2
217,3,1
41,188,3
153,93,1
143,2,2
442,244,5
206,227,5
23,345,4
226,96,3
463,300,1
370,268,5
420,64,2
67,208,2
289,68,2
337,97,2
71,238,1
356,329,3
364,51,2
282,199,4
255,118,3
86,249,3
484,316,3
92,294,5
336,88,4
164,299,1
129,235,2
485,341,4
172,189,5
401,293,1
123,339,2
62,47,5
423,45,5
2,73,2
48,115,4
145,304,4
53,322,2
108,111,3
3,265,3
85,67,5
494,259,4
108,179,4
252,198,4
386,169,4
177,343,4
424,255,4
404,219,2
14,78,3
367,260,2
114,216,4
172,12,4
121,53,1
87,30,4
233,253,4
284,69,5
118,147,3
251,248,1
239,194,5
277,330,1
428,195,3
287,34,5
35,95,4
21,11,2
470,215,5
139,93,5
128,55,3
389,145,2
232,169,2
51,327,5
126,173,1
162,161,3
484,314,4
147,42,3
478,48,2
421,309,3
25,146,5
231,274,5
165,252,4
308,311,2
230,34,3
312,298,4
387,126,1
431,155,5
370,332,2
212,42,3
197,318,5
488,63,2
159,155,1
457,32,5
34,105,3
287,255,4
194,315,4
143,104,5
472,317,2
175,289,1
56,184,1
323,328,2
48,147,5
282,44,3
337,72,3
333,187,1
491,262,1
54,125,2
244,178,3
293,63,3
354,204,5
444,16,2
198,149,4
79,260,2
102,200,2
73,268,5
350,6,1
216,267,4
84,62,3
46,279,2
62,70,2
275,178,3
192,300,4
286,295,1
447,161,1
18,223,5
475,206,1
186,270,5
145,59,5
445,180,4
226,126,2
31,179,2
135,162,5
163,158,4
489,42,3
484,107,1
347,196,5
3,233,3
79,21,2
177,134,2
176,59,2
24,289,2
198,209,4
88,152,1
421,284,3
456,29,5
187,82,2
173,248,3
6,225,3
404,323,5
397,63,4
251,310,5
373,332,5
111,222,3
25,299,4
238,292,1
150,336,3
85,295,1
283,51,5
437,68,1
199,115,5
237,134,1
157,179,1
177,105,1
300,60,3
434,203,3
372,20,4
17,128,2
214,227,4
401,307,4
258,212,4
292,77,4
285,55,4
42,83,5
117,226,3
38,114,4
415,333,4
415,307,3
497,232,2
389,65,2
366,210,3
219,110,5
249,152,5
171,57,1
283,125,2
233,137,5
29,120,1
82,223,1
448,72,3
437,28,3
356,246,4
420,239,3
474,221,2
414,54,4
308,285,2
66,283,1
319,332,5
267,70,3
108,275,3
263,265,1
483,100,5
471,160,1
420,244,3
462,111,3
461,86,5
484,11,5
26,334,4
234,166,3
26,249,3
241,36,3
399,262,1
475,200,2
32,53,3
438,51,3
172,137,1
370,213,2
35,169,3
114,195,5
138,283,5
230,105,1
19,281,3
95,331,5
79,240,4
418,339,5
488,176,2
53,116,1
163,227,3
11,102,2
299,3,5
103,254,2
416,338,4
167,194,3
152,298,3
299,35,2
456,68,2
407,21,5
457,325,4
371,287,3
76,195,1
8,179,4
365,15,2
40,166,3
166,138,5
492,36,4
310,264,4
62,277,5
378,241,5
4,140,5
146,19,5
73,192,1
84,148,4
447,267,5
81,40,4
17,102,2
237,261,3
285,241,3
107,125,2
465,293,3
378,293,2
499,41,5
390,213,5
102,307,2
331,59,4
60,92,3
97,142,1
483,322,3
130,327,2
8,163,5
124,113,3
378,267,3
468,210,3
175,193,2
121,50,2
118,31,3
496,45,4
286,292,2
254,247,2
344,63,1
47,184,5
380,316,4
101,234,5
313,72,3
245,147,4
270,74,4
301,243,4
398,124,4
19,146,1
341,135,2
316,251,1
231,111,5
488,122,1
92,127,3
246,62,4
271,65,1
409,166,5
13,306,5
125,13,2
372,292,4
230,110,3
451,280,2
215,114,3
253,74,1
137,149,2
380,176,2
152,105,1
68,126,4
10,82,3
172,290,5
224,116,3
266,290,5
335,25,1
259,154,4
426,322,1
52,141,4
253,70,2
442,217,2
268,111,2
481,207,2
198,327,2
10,32,1
398,39,4
225,152,5
465,46,5
281,345,5
212,227,5
468,269,2
382,57,4
182,159,3
41,129,3
428,94,4
281,245,5
481,243,1
287,33,3
288,333,4
345,109,1
441,39,5
168,201,4
384,155,5
140,1,2
233,226,3
354,99,4
145,308,4
232,130,1
485,204,3
149,67,4
20,305,2
109,116,3
107,109,3
87,190,1
296,234,4
326,272,2
239,266,3
39,182,5
180,241,1
205,264,4
408,307,1
403,218,3
374,77,3
378,128,2
274,241,2
278,148,3
323,275,5
204,312,5
310,14,3
277,194,2
481,309,3
280,199,3
257,157,3
358,88,5
209,9,1
372,338,5
232,344,1
44,122,4
138,327,1
355,229,2
343,75,3
279,66,2
96,38,1
396,331,3
354,64,5
229,204,3
309,250,5
248,322,5
496,6,3
152,247,1
77,63,4
327,238,5
261,103,5
181,171,4
219,169,5
180,56,3
320,15,4
122,62,4
149,170,4
72,232,3
203,249,5
151,186,2
235,84,2
39,103,4
47,109,5
350,103,4
157,279,4
367,8,4
154,61,3
51,135,2
274,220,3
358,337,1
113,87,5
272,162,5
37,245,1
421,302,1
342,341,4
145,307,3
175,99,4
456,291,3
483,273,2
99,116,2
394,336,1
154,111,2
351,233,2
166,135,5
157,315,2
420,165,2
194,38,5
498,189,2
148,192,2
115,225,2
234,320,5
167,313,3
339,138,3
198,93,2
178,255,1
237,237,4
141,285,4
65,276,2
184,100,3
273,307,1
175,20,1
367,344,1
418,89,3
76,100,5
158,52,1
249,318,2
483,155,4
321,100,2
465,319,1
123,136,2
188,317,5
11,344,2
215,289,5
420,233,1
192,272,4
258,139,2
192,244,3
49,213,4
121,111,5
167,337,5
345,23,5
357,11,2
290,154,4
187,55,5
226,75,2
56,89,2
127,20,1
220,198,4
105,65,3
355,308,4
419,4,2
91,253,5
132,305,3
222,244,4
261,186,5
27,75,5
58,344,5
236,16,5
336,209,4
113,182,2
355,248,3
404,135,2
388,185,1
152,144,4
469,39,2
257,70,2
388,60,4
340,69,2
431,141,3
73,67,1
88,57,3
186,47,2
242,92,1
34,315,5
376,162,2
385,44,1
323,51,2
55,333,3
236,1,2
95,215,5
210,336,4
307,254,4
165,123,4
463,88,2
464,26,1
322,308,4
33,93,3
268,127,2
206,260,3
220,139,2
359,108,5
254,33,1
283,300,2
82,221,5
212,175,1
313,246,4
294,50,1
142,125,5
277,297,2
151,189,4
5,185,5
303,246,1
472,299,5
216,169,2
469,245,4
69,159,5
107,27,2
104,117,2
273,169,4
213,207,5
381,171,3
132,275,1
75,124,1
429,310,2
232,215,5
369,209,3
4,6,4
142,337,2
463,336,3
413,60,4
429,30,5
210,337,1
416,11,5
405,18,5
278,166,3
291,284,5
317,282,4
266,342,3
296,74,1
482,166,5
380,133,1
439,149,3
482,147,2
102,257,3
48,144,1
373,38,1
440,304,2
417,8,1
157,4,5
379,126,1
414,77,5
191,221,4
257,184,5
280,35,5
359,274,4
280,148,1
443,165,4
228,77,2
328,300,4
112,83,1
91,90,2
497,149,2
446,241,3
373,306,5
395,191,4
123,258,1
469,340,5
309,263,4
248,114,2
101,89,3
50,320,5
290,141,3
417,301,1
94,63,1
252,199,3
311,317,3
486,303,5
212,122,4
380,32,3
116,287,1
366,87,2
273,203,3
417,332,5
222,264,3
88,150,1
53,91,1
328,94,1
71,314,5
359,129,1
129,238,1
57,239,3
164,115,5
248,16,1
107,98,5
255,300,5
17,272,2
493,342,5
25,334,1
25,337,2
61,290,1
252,9,1
197,277,4
232,259,3
340,294,1
138,65,5
173,259,1
15,270,4
350,123,5
494,55,3
17,337,1
306,92,3
108,309,2
177,253,1
237,180,5
493,29,1
233,216,3
434,228,5
294,234,5
214,310,3
307,58,4
7,69,2
349,178,1
229,317,1
329,220,5
421,242,2
143,186,5
272,216,5
16,305,2
237,319,5
24,185,2
343,318,2
23,54,3
290,178,3
22,20,1
204,277,2
169,1,5
390,101,3
425,260,4
395,261,3
199,170,1
399,121,5
271,14,4
117,96,1
263,63,2
75,56,1
199,65,4
72,95,2
74,186,5
324,142,3
227,325,1
340,299,2
21,291,1
360,122,5
478,321,3
406,71,2
354,343,3
369,183,4
99,269,2
66,59,3
161,303,1
465,101,1
268,271,2
282,231,4
290,216,4
25,53,4
464,329,4
62,273,4
222,143,5
415,8,3
359,48,5
53,331,4
447,186,5
290,241,4
19,276,2
94,52,1
419,96,5
288,208,1
279,161,2
31,343,2
455,104,4
271,32,4
321,193,3
200,322,2
194,210,4
295,266,4
312,131,3
72,31,5
191,157,2
474,282,4
449,299,1
347,233,5
381,223,3
61,334,1
397,117,4
310,325,1
30,231,2
154,47,4
182,231,4
373,222,4
167,158,4
482,8,4
309,330,5
251,310,5
355,227,1
164,32,4
281,301,4
416,180,5
163,230,5
493,218,5
82,130,3
380,144,3
362,294,2
304,216,4
396,107,2
162,189,2
86,62,5
96,321,5
463,69,2
265,31,1
479,129,4
78,96,3
142,245,2
423,284,4
341,55,2
430,200,2
62,332,3
325,317,3
97,340,3
123,178,3
404,32,4
214,180,3
186,324,3
164,161,5
260,7,5
291,32,1
40,81,1
295,252,2
9,226,1
97,3,4
323,247,4
16,13,3
493,181,1
205,329,1
42,281,5
5,39,1
35,170,2
116,70,4
456,83,2
52,43,1
111,27,3
430,253,2
182,290,4
454,190,4
449,315,1
103,99,2
328,177,4
311,97,1
365,304,4
246,256,3
450,200,4
251,322,2
192,118,5
407,80,4
125,138,1
419,30,2
479,89,1
362,124,2
167,212,5
13,108,1
265,86,4
247,77,4
303,216,1
234,206,5
446,127,3
483,280,2
403,327,2
207,204,4
426,167,5
373,172,1
253,34,5
107,16,4
58,145,3
135,164,1
442,173,2
93,193,3
202,315,4
255,237,1
56,329,1
64,265,5
159,195,3
70,59,5
444,342,3
215,253,1
322,276,4
281,267,1
249,109,1
322,200,4
368,229,2
103,42,2
311,77,5
289,226,5
58,137,1
82,68,1
89,217,3
363,129,4
162,184,4
342,84,1
14,142,1
368,227,4
58,209,3
75,229,4
429,93,2
324,259,1
499,281,4
483,145,5
463,73,2
247,262,3
498,330,4
274,112,2
163,321,3
266,112,2
224,93,1
457,206,4
165,66,4
295,138,2
17,4,5
224,327,2
462,74,1
224,14,5
46,154,5
268,65,2
450,44,4
116,53,4
329,322,1
253,76,4
76,190,3
274,327,4
188,165,3
450,273,4
7,311,4
172,300,3
63,316,5
443,189,2
149,325,3
118,334,1
484,112,3
373,318,4
314,187,1
412,341,4
3,128,3
401,154,1
242,118,3
209,222,1
324,137,2
54,271,3
180,257,4
465,196,1
25,289,3
220,287,5
274,341,4
64,215,5
311,120,3
448,168,1
115,202,5
300,154,3
205,258,3
147,27,2
276,101,2
460,81,2
227,118,4
163,171,4
262,1,1
196,91,2
238,150,5
254,249,4
358,164,5
285,251,1
429,162,4
56,122,4
218,279,1
374,220,3
29,143,3
264,274,4
491,177,4
453,235,1
187,220,5
347,70,3
356,25,3
410,341,2
6,333,4
121,102,2
449,171,1
44,310,5
465,333,4
233,235,2
239,160,4
403,299,3
43,233,2
51,286,4
431,324,3
113,40,4
36,63,1
415,335,1
259,10,3
341,319,1
204,299,1
248,140,3
78,154,5
418,89,3
172,325,2
13,7,2
30,172,5
3,265,2
67,201,3
487,108,5
202,283,3
273,16,3
6,61,1
409,164,3
316,334,5
454,165,1
259,252,1
227,294,2
273,93,4
219,166,5
473,63,2
341,210,3
26,228,5
396,326,3
440,73,5
8,254,3
74,37,3
319,190,5
414,277,5
25,52,3
114,341,2
244,19,4
464,247,1
70,155,4
484,162,5
35,330,3
102,165,2
297,238,1
291,221,1
493,178,3
244,329,1
215,48,5
10,331,4
94,300,3
7,177,2
230,192,2
131,105,3
485,303,1
212,163,5
201,329,5
35,120,2
83,135,5
133,189,4
396,141,4
140,251,1
29,36,1
329,79,5
59,195,3
51,120,1
80,276,4
341,98,3
211,22,4
226,87,2
115,280,5
456,278,4
169,213,5
103,292,5
217,250,5
318,5,4
397,95,2
395,76,3
300,335,1
84,185,4
130,58,4
145,227,3
135,90,4
68,228,3
479,112,4
373,277,1
38,279,5
218,193,5
207,176,3
68,100,2
330,285,5
248,84,3
55,5,2
452,193,2
13,60,4
396,307,4
76,75,1
235,297,2
432,19,1
140,91,3
12,291,5
392,25,2
184,53,5
388,330,3
101,334,2
348,124,4
395,159,5
98,289,4
88,107,4
233,106,1
378,110,1
118,205,5
471,56,3
372,12,1
16,259,1
378,318,3
75,45,3
285,164,1
435,162,5
83,73,5
172,336,5
187,198,5
149,265,4
454,82,4
41,98,2
364,332,1
132,180,4
38,117,2
273,104,3
95,135,5
310,281,4
477,327,1
222,62,3
449,134,4
444,332,1
22,81,5
274,206,5
161,319,4
403,7,1
199,273,4
411,40,1
46,313,5
196,106,3
464,270,3
51,76,2
382,20,5
359,275,3
37,241,2
164,269,3
115,67,5
55,71,2
194,287,2
140,270,5
230,282,5
439,178,1
490,28,3
169,156,3
68,198,1
105,179,5
287,254,1
194,48,4
430,332,2
370,264,3
68,95,2
338,90,2
81,215,3
427,225,1
10,334,4
371,212,4
10,131,1
196,164,4
306,223,1
289,242,4
214,91,2
48,101,2
430,118,3
366,319,4
31,54,2
381,24,4
68,273,5
195,74,5
279,3,3
368,343,1
447,288,4
235,39,3
350,252,5
494,180,5
377,100,1
261,106,5
234,30,2
369,321,4
369,62,5
198,32,5
262,297,4
317,74,2
60,296,5
459,233,3
302,20,4
267,304,4
238,286,4
153,149,5
269,345,3
257,55,3
374,115,2
108,225,5
470,335,4
152,257,3
297,65,3
334,74,3
254,31,5
383,75,5
206,275,3
365,41,3
453,26,3
433,1,3
430,143,5
58,137,1
154,220,3
484,142,3
93,195,3
138,290,5
408,169,1
250,223,3
218,169,3
476,224,3
442,161,2
294,76,3
30,345,3
176,313,5
441,205,5
49,151,3
309,64,2
26,59,2
18,246,1
291,121,4
352,334,2
95,93,3
361,228,5
60,189,2
6,13,4
135,65,1
424,35,3
141,116,2
90,21,5
182,217,5
378,200,3
265,182,5
109,66,2
350,242,4
365,209,1
379,224,2
436,187,3
377,220,1
88,276,3
193,11,3
285,38,4
467,131,5
174,107,1
170,19,5
273,97,3
245,283,3
303,146,4
54,288,5
427,87,4
259,116,1
194,136,5
391,203,4
121,232,1
174,107,3
279,316,5
370,255,3
214,122,3
302,174,3
13,80,5
379,65,4
419,334,4
418,6,4
231,144,1
114,72,1
150,9,1
173,331,1
64,241,4
102,87,2
208,142,2
252,145,3
96,229,2
259,160,3
46,261,5
171,342,4
54,75,5
357,93,2
254,182,2
442,298,2
98,234,1
435,113,2
253,166,4
85,90,1
471,291,5
31,13,5
263,189,1
231,109,2
289,180,2
465,62,2
14,139,5
355,22,4
311,89,1
159,27,1
149,306,5
45,186,4
499,1,3
460,164,3
405,169,2
216,43,3
155,223,5
279,27,4
74,4,4
151,295,5
198,185,2
105,86,3
32,172,4
255,12,4
150,220,4
226,117,1
343,200,1
424,90,2
328,165,3
161,155,2
203,315,5
47,321,2
397,222,2
121,101,5
170,39,4
265,42,1
410,313,2
27,333,3
78,29,2
227,165,1
24,95,2
217,239,4
168,224,5
194,269,1
24,72,4
417,295,4
148,301,2
129,123,5
144,73,4
182,9,2
434,116,5
11,280,2
96,10,4
436,336,4
195,193,4
89,332,3
412,281,4
104,189,2
90,23,1
470,183,4
141,38,4
235,264,2
326,226,2
276,322,3
282,100,1
302,342,3
433,265,4
199,311,2
188,334,2
48,47,4
410,36,2
456,309,2
270,47,4
440,42,2
178,2,2
182,199,2
210,247,5
134,206,5
144,190,2
328,336,3
249,71,1
83,71,4
487,338,5
8,337,5
212,176,2
36,122,4
304,146,3
472,314,3
77,312,4
212,225,2
245,89,5
237,164,5
120,160,2
319,259,2
34,281,1
45,99,5
153,97,3
70,128,2
182,295,4
405,97,4
327,324,2
404,32,2
210,308,5
152,336,2
135,160,2
149,270,2
155,228,3
388,338,2
46,213,3
270,342,2
394,158,1
298,291,5
343,145,1
451,10,1
478,118,2
119,249,1
199,300,4
495,199,1
245,181,2
198,94,2
417,335,1
427,67,4
163,185,5
440,337,5
60,137,2
128,305,4
19,316,5
189,62,5
241,252,2
280,48,4
188,151,1
252,335,4
352,52,2
423,230,4
399,254,1
385,170,3
499,104,3
291,250,5
297,141,5
15,123,2
307,21,3
191,277,5
449,129,2
464,255,2
392,162,1
139,125,4
80,65,2
191,262,2
473,180,5
23,294,5
60,192,4
58,328,5
26,150,1
384,193,2
162,270,2
35,340,1
401,28,5
128,10,4
158,168,1
433,270,1
147,333,1
118,50,5
140,285,1
257,99,2
127,129,4
232,166,3
290,110,3
302,277,3
80,102,5
283,253,3
317,248,2
167,136,2
194,93,2
35,290,1
274,283,4
71,333,1
433,181,2
175,172,2
232,118,5
92,287,1
189,12,1
368,286,3
157,144,4
179,46,1
145,50,2
304,283,4
371,235,1
179,169,5
32,251,5
439,29,4
18,235,5
74,83,5
415,6,3
337,54,3
314,184,3
343,94,3
5,120,1
137,75,2
302,112,2
146,83,3
198,254,3
5,72,2
422,215,1
338,99,5
422,331,1
207,70,2
403,299,4
49,245,5
384,274,3
119,251,2
73,132,2
155,268,1
173,136,1
483,337,4
53,31,4
159,160,5
30,218,3
142,322,1
107,20,5
279,86,4
97,54,5
372,61,2
272,98,2
370,231,2
372,41,2
212,1,4
281,305,5
429,54,1
403,253,5
340,61,1
441,193,4
59,170,1
383,87,2
277,103,5
174,107,3
46,161,3
265,157,1
169,154,3
186,325,4
323,322,3
4,42,3
280,321,5
476,112,1
120,82,4
284,238,1
17,35,2
21,140,4
249,87,4
174,214,4
221,29,3
251,233,1
223,24,5
446,169,5
203,221,4
226,31,1
394,221,5
71,294,4
12,323,2
178,46,5
336,205,1
465,177,5
320,136,2
33,49,4
267,66,3
419,65,5
369,212,1
338,134,5
147,90,2
15,299,1
340,262,1
8,38,5
33,112,5
341,3,1
64,196,3
489,211,3
238,85,5
302,51,3
363,340,2
198,257,2
390,99,3
229,117,1
367,93,2
149,30,5
271,153,2
323,168,5
419,138,5
472,144,1
113,274,3
187,314,5
382,117,2
82,244,3
172,163,5
270,193,4
116,280,5
192,115,3
427,324,4
15,5,3
152,226,3
34,232,3
421,14,5
195,298,1
6,222,3
161,287,5
406,224,5
245,186,2
65,244,1
365,256,2
133,301,1
484,123,5
45,63,3
34,41,1
175,205,1
126,327,1
102,204,1
294,144,3
68,295,1
101,257,5
32,308,5
112,162,4
2,272,5
151,267,4
197,118,5
171,66,4
55,62,2
433,281,1
482,299,1
282,220,2
203,167,5
62,91,4
294,195,2
122,156,3
40,152,4
136,144,3
485,277,1
261,54,4
375,105,1
497,321,1
466,139,3
240,266,4
34,36,5
334,242,2
421,216,3
360,188,2
403,59,3
444,110,5
222,173,3
66,325,5
368,200,5
373,30,1
464,302,4
243,45,2
316,303,5
53,47,1
36,90,5
193,152,4
163,246,5
436,116,2
263,216,2
130,288,1
417,31,5
320,82,4
447,229,2
90,128,1
319,20,1
81,53,1
96,221,5
169,35,1
393,63,4
308,254,5
414,276,2
283,265,5
182,215,4
54,112,2
189,24,2
62,135,5
123,297,3
482,1,4
488,311,5
61,195,5
96,41,3
467,216,5
154,107,4
247,188,4
265,176,2
477,97,2
354,128,4
160,84,3
212,270,1
366,21,3
261,173,4
332,203,3
248,316,3
386,147,1
480,266,2
445,204,3
435,76,3
244,329,5
277,319,1
26,184,1
343,234,1
447,268,4
139,36,2
239,77,1
229,95,4
165,320,2
433,195,5
131,48,1
173,334,1
54,298,1
368,97,5
492,85,2
446,249,3
493,211,5
3,249,4
11,294,5
218,14,1
8,106,5
258,43,1
3,293,4
204,102,1
425,149,3
275,151,5
97,156,4
337,136,1
329,266,3
61,175,3
89,224,1
135,168,1
133,189,1
53,330,5
71,134,3
185,188,1
414,16,4
381,108,5
360,132,4
265,165,2
455,161,1
385,269,1
54,109,1
428,344,4
399,29,1
212,202,3
59,193,1
385,323,4
407,341,4
146,86,4
404,131,3
216,19,5
200,122,1
227,192,1
211,344,3
160,269,1
57,62,2
389,111,5
7,294,1
227,291,1
230,2,3
159,236,4
322,236,5
209,112,2
385,284,5
218,309,3
184,6,1
57,195,1
274,169,2
201,317,5
414,70,5
491,105,5
389,220,4
444,339,4
328,240,1
37,15,5
467,282,5
432,283,3
180,316,2
300,247,1
17,88,2
318,9,1
123,117,3
234,313,2
469,288,1
84,222,2
246,171,4
299,151,1
418,217,3
377,125,4
120,13,4
340,280,5
480,195,3
172,101,1
129,232,1
219,2,2
23,92,4
121,64,2
57,160,2
317,162,2
312,272,3
235,258,5
367,137,1
400,72,3
60,191,1
136,228,3
195,236,2
118,256,2
11,199,1
189,148,2
394,337,4
232,90,3
412,312,1
336,84,4
443,174,3
448,99,5
75,292,2
402,115,3
319,185,3
228,124,4
412,329,3
494,84,5
229,119,5
276,215,2
222,143,1
479,311,1
73,6,5
91,135,5
413,283,3
14,141,1
193,255,4
166,120,2
287,146,3
212,98,3
4,283,4
451,118,5
347,297,5
352,248,1
67,127,5
255,34,1
355,311,2
150,48,2
426,216,4
86,10,2
45,110,5
444,302,2
295,199,4
140,337,4
399,157,3
175,80,2
118,143,1
379,226,5
462,270,2
58,325,1
60,2,3
351,109,3
337,83,4
1,152,5
23,203,1
16,42,3
28,154,1
304,107,5
292,82,5
102,56,1
408,203,5
379,24,4
175,209,5
235,82,5
3,50,4
235,318,3
125,21,2
212,269,2
155,179,2
31,140,1
343,280,1
197,112,5
323,257,5
276,191,5
374,152,1
165,292,1
103,327,3
48,20,2
350,334,3
407,300,4
466,59,3
363,11,1
139,149,4
316,7,1
362,54,2
198,131,5
70,171,4
267,232,3
464,197,1
61,244,4
174,138,1
132,240,5
216,116,5
185,119,1
6,239,4
187,125,1
257,303,2
355,277,3
113,335,1
455,320,1
385,187,2
239,139,3
196,193,2
97,217,5
157,341,5
245,11,1
110,151,2
402,70,2
355,50,1
338,169,2
281,212,1
301,13,4
420,155,4
413,121,4
236,197,2
174,235,2
192,63,2
424,170,2
400,143,4
178,319,2
161,201,3
334,111,5
375,247,3
286,139,2
439,260,5
108,329,4
356,26,2
179,299,4
291,110,5
15,195,4
124,241,1
334,49,2
27,24,3
313,39,4
343,187,5
193,134,5
33,68,3
481,39,3
441,133,4
344,46,4
53,50,5
385,9,1
149,113,4
94,110,2
284,228,5
73,249,5
134,200,2
100,159,1
8,94,2
265,342,5
258,123,5
71,293,4
214,89,5
169,103,1
264,82,1
141,169,5
310,137,4
475,60,3
291,300,3
257,90,1
373,337,4
492,206,4
210,79,2
439,157,4
487,148,3
84,325,3
427,292,1
335,249,4
323,318,3
227,90,4
206,286,3
265,338,4
353,331,3
275,303,1
364,259,5
376,6,4
329,309,2
253,295,2
457,146,1
69,29,1
2,13,1
383,250,1
170,250,1
147,164,4
96,63,2
348,329,5
364,91,5
75,307,1
52,323,4
285,261,5
81,325,5
244,57,5
457,276,3
357,286,5
269,215,2
288,327,5
78,96,2
72,78,2
215,340,2
101,53,3
140,132,1
72,134,2
286,235,2
257,344,2
49,170,1
70,275,1
196,201,2
270,65,1
28,276,2
24,50,2
132,246,4
295,51,1
394,35,5
280,192,1
292,240,4
271,78,2
317,105,4
145,81,2
259,23,1
357,320,5
57,336,2
305,63,5
296,129,2
279,225,3
345,107,1
474,337,1
449,277,3
165,292,3
486,180,5
184,336,5
167,315,3
197,2,2
110,263,1
202,215,3
493,313,5
77,188,5
234,139,4
304,213,2
399,100,5
72,132,4
272,117,1
7,62,5
308,253,5
209,286,5
304,74,3
14,150,4
204,201,2
109,157,3
364,278,5
370,253,1
380,203,4
3,104,3
429,134,3
52,26,1
251,12,3
24,121,2
38,221,4
36,172,3
280,246,3
477,257,4
355,170,5
219,310,3
301,266,5
134,195,1
35,92,4
327,114,3
432,162,1
391,60,4
221,245,4
419,96,1
54,38,1
354,37,3
406,67,2
274,251,2
346,168,2
407,10,1
159,90,5
42,187,4
193,340,4
449,132,5
38,328,2
165,20,1
186,61,3
463,54,4
160,181,4
427,320,2
191,101,2
372,279,1
275,234,1
199,261,5
498,103,5
367,185,3
9,292,5
87,7,2
249,76,1
411,327,2
317,292,1
403,155,2
192,87,5
325,206,5
100,164,5
39,249,1
48,175,5
9,295,3
342,275,1
44,311,2
420,137,5
282,132,4
461,31,3
179,323,2
172,5,2
107,272,4
37,288,4
375,103,1
308,132,4
462,22,4
425,179,4
337,122,5
149,339,5
169,334,1
127,284,2
464,221,4
281,38,3
147,33,3
145,17,5
91,179,4
306,336,1
33,130,1
465,246,5
357,211,2
66,115,3
404,71,1
187,318,5
234,166,1
54,252,4
422,227,5
58,52,1
45,112,1
173,177,4
26,227,2
308,54,4
59,93,5
272,265,4
57,184,3
274,265,3
326,249,3
166,323,1
418,18,5
338,269,1
319,308,1
405,269,1
486,129,1
348,339,5
320,145,4
463,158,2
326,71,4
266,339,4
376,322,4
162,26,4
133,51,2
478,197,3
212,248,2
306,287,3
226,258,2
326,153,3
67,288,5
457,70,4
80,307,5
304,258,5
330,226,2
67,208,2
190,216,4
493,96,4
398,16,1
343,303,4
171,143,2
216,169,4
38,1,4
49,265,3
430,143,4
271,263,1
420,79,2
228,199,4
426,182,5
392,10,3
143,11,2
162,196,1
301,43,2
454,296,2
140,77,1
147,317,5
67,304,3
320,300,1
78,230,3
227,137,2
108,224,4
335,284,3
176,104,1
281,307,4
153,176,3
493,152,1
107,255,3
314,302,3
498,134,3
233,298,4
128,54,1
374,162,1
290,279,3
296,85,5
94,77,1
150,280,1
87,136,3
136,73,5
453,78,3
498,240,5
40,168,2
52,130,1
371,21,5
215,240,2
429,159,2
69,325,3
172,117,4
258,133,4
78,114,5
295,29,2
1,200,1
251,274,5
34,168,3
74,208,1
407,193,4
28,108,3
6,87,2
20,61,5
118,173,3
252,163,5
25,49,4
263,1,4
493,191,4
257,62,1
93,102,3
220,60,2
160,339,3
448,224,2
450,195,3
494,148,5
482,307,2
370,76,3
379,240,2
306,6,4
264,249,3
326,237,4
54,139,2
412,153,4
233,179,1
33,137,5
478,186,4
99,230,2
141,252,2
220,70,2
92,83,1
492,229,5
276,179,2
28,67,1
456,178,1
288,46,3
123,194,2
490,329,3
227,283,1
21,326,3
264,218,3
463,318,5
131,36,1
1,283,1
206,221,2
325,259,2
493,19,1
461,39,2
387,66,3
367,236,1
88,20,4
343,182,5
169,185,2
39,242,5
222,301,5
433,73,1
482,211,5
183,322,2
59,234,1
96,321,3
348,339,1
67,242,1
23,193,2
257,342,5
325,224,4
428,313,5
118,294,5
435,175,5
149,103,4
399,12,5
78,55,1
271,333,2
40,201,3
485,304,1
458,174,1
430,304,2
15,52,3
199,120,3
103,337,2
220,285,3
179,194,1
148,149,2
214,154,2
179,136,5
140,83,3
332,35,3
119,59,2
98,290,3
440,327,5
456,181,2
248,180,4
157,306,3
206,272,5
334,12,2
499,33,2
363,177,2
285,301,5
421,97,2
283,6,2
201,203,5
268,63,4
359,219,3
75,261,3
186,328,2
454,51,4
299,200,1
25,207,1
149,112,2
200,192,2
412,253,3
64,262,1
353,276,1
164,66,4
87,94,2
330,178,2
298,23,1
193,163,3
297,123,2
149,155,3
223,240,5
339,224,2
423,112,2
355,72,4
422,292,1
67,159,5
316,308,4
476,64,5
379,165,5
91,190,3
159,300,4
182,327,2
7,261,2
62,224,1
266,166,4
324,301,3
71,226,4
432,263,1
94,18,5
399,146,2
368,251,2
318,164,1
444,90,2
291,300,3
64,97,5
455,341,1
70,209,3
388,159,4
303,79,5
159,52,3
135,80,3
483,203,1
79,14,2
170,53,1
175,262,1
308,141,1
153,49,1
260,240,2
430,172,3
323,214,1
412,206,4
392,30,5
192,298,4
124,157,5
270,344,1
432,186,5
356,178,4
234,179,3
202,52,4
57,318,3
412,266,4
255,7,3
393,95,2
260,25,5
494,105,4
129,125,3
250,25,3
388,252,1
30,217,3
192,201,1
24,68,2
203,148,4
116,250,1
498,69,1
4,250,3
130,151,1
437,51,1
263,238,3
331,7,4
145,266,5
6,283,3
94,343,4
291,342,5
216,310,5
236,142,4
341,281,2
309,264,1
349,229,3
138,236,2
150,241,3
263,10,3
37,161,2
201,15,1
471,4,4
171,220,5
116,100,5
151,118,5
332,339,1
13,82,3
446,106,2
158,153,3
269,225,2
351,310,2
339,105,1
98,45,2
457,260,1
163,95,2
244,12,1
392,320,1
194,204,3
84,243,3
68,232,5
221,65,5
198,14,4
122,180,5
28,64,5
142,189,3
167,218,4
65,59,5
351,321,2
173,149,3
138,226,1
298,294,3
52,116,3
466,230,2
304,13,4
376,116,1
179,153,5
440,333,4
475,253,2
263,9,4
322,44,4
185,142,1
425,9,5
64,344,4
61,215,2
111,4,2
70,170,5
62,33,2
209,203,1
108,278,3
318,278,4
411,236,4
19,127,3
407,8,3
18,97,1
241,130,3
5,111,2
345,226,2
42,342,2
206,153,5
442,321,1
285,96,1
184,285,4
378,33,1
269,97,3
59,211,3
494,190,4
455,42,4
282,216,2
258,337,2
358,200,1
182,146,2
208,45,3
96,289,5
95,228,4
11,183,3
280,268,1
195,116,5
2,152,2
388,323,3
313,199,5
347,108,3
436,131,4
204,98,2
176,56,5
123,268,5
124,36,5
265,230,4
216,265,5
148,145,4
53,145,5
212,86,4
246,278,1
282,272,3
301,235,3
344,283,1
356,43,3
407,326,1
373,48,1
186,156,4
14,93,3
6,277,5
122,226,2
87,237,2
436,296,1
418,164,1
112,170,4
283,120,4
479,174,1
135,345,3
238,193,4
266,150,1
315,38,2
202,271,3
341,203,5
254,292,3
118,255,3
96,45,4
494,264,4
232,312,1
47,308,2
418,269,1
57,72,3
306,214,5
154,201,1
278,208,3
62,166,1
151,131,5
90,27,3
352,10,2
460,337,2
24,143,3
387,135,1
497,280,1
177,49,4
201,127,5
477,269,1
357,345,3
193,89,3
114,189,4
276,216,5
53,281,5
421,316,2
184,117,5
389,151,4
191,305,3
405,80,5
393,42,3
288,280,5
474,273,2
149,54,3
343,322,2
194,242,4
72,243,3
143,338,4
151,303,4
127,202,5
406,297,5
219,190,2
99,6,1
103,96,2
321,88,2
157,29,5
256,288,5
497,212,1
74,177,2
448,187,2
414,284,4
464,311,1
136,5,2
2,296,4
167,297,5
288,342,2
39,64,1
358,80,5
91,271,5
321,55,5
189,216,2
111,275,2
410,344,4
84,270,4
106,69,1
313,94,1
472,322,1
310,140,3
299,208,2
443,20,3
261,30,3
138,19,2
107,147,5
380,233,5
89,136,3
235,328,4
158,32,1
431,165,2
452,298,2
221,123,5
230,282,2
71,175,2
232,146,3
492,95,1
445,216,4
349,118,3
416,296,4
459,86,4
252,238,1
23,211,5
498,154,4
27,79,5
430,191,5
204,117,1
206,259,5
389,266,5
365,217,3
57,5,2
358,219,5
175,125,4
84,98,3
83,222,2
463,187,5
37,168,2
35,50,4
219,153,4
113,196,4
407,264,5
22,326,4
419,158,5
247,239,5
478,100,5
26,27,4
334,161,4
213,23,5
142,137,4
58,103,2
206,283,3
2,324,5
129,201,3
470,113,1
229,172,3
446,324,3
256,249,4
149,57,2
43,73,5
154,152,2
472,149,3
264,284,3
191,134,1
26,19,4
163,12,5
110,28,4
315,257,1
344,191,4
487,209,4
357,66,3
445,79,2
20,246,2
229,257,4
86,342,3
389,72,4
40,303,2
438,264,2
449,86,2
207,222,1
356,233,3
254,276,4
288,181,4
57,166,5
458,29,5
287,322,3
232,326,2
211,146,1
54,130,3
116,336,1
394,159,4
332,217,4
276,305,1
357,188,2
343,71,5
278,4,4
407,205,1
352,8,2
217,69,2
227,104,4
389,46,4
452,338,4
174,44,4
12,38,1
202,88,5
360,216,3
207,192,3
441,114,3
142,318,4
328,309,3
43,298,1
355,132,3
163,54,1
406,59,3
442,241,4
36,259,3
50,339,4
102,24,2
302,59,1
131,130,5
145,235,5
159,219,1
141,199,2
29,178,4
125,190,3
442,214,2
347,135,4
153,27,4
349,238,5
173,52,4
46,45,5
79,77,1
423,303,5
461,185,4
196,187,4
300,134,5
377,105,4
109,118,5
133,212,3
283,85,5
356,273,5
213,256,5
237,133,1
183,44,2
387,63,2
372,60,2
332,15,1
115,36,1
416,150,5
197,209,2
250,92,2
307,133,3
440,113,1
154,52,1
165,118,5
73,36,5
453,254,3
418,250,5
235,3,5
224,229,5
372,66,5
126,56,3
75,120,3
329,271,4
339,300,2
190,113,4
281,219,2
353,94,1
141,324,4
394,180,4
296,48,5
282,140,1
474,227,2
235,91,5
364,98,5
446,130,2
266,264,2
323,255,5
108,208,2
67,204,5
321,183,4
179,135,2
293,270,2
296,56,3
334,36,4
426,263,5
264,179,3
214,320,4
219,33,3
432,144,1
437,139,2
232,108,4
84,219,3
135,196,3
477,332,1
405,50,3
426,186,2
407,325,2
244,34,2
76,316,3
315,134,3
115,142,5
225,104,3
453,104,3
267,295,1
299,311,2
192,113,1
118,162,4
440,72,1
81,83,1
153,101,2
206,291,3
133,134,3
459,203,2
162,111,4
227,9,5
267,15,3
400,236,1
360,344,2
246,70,4
319,236,5
404,340,1
31,269,5
56,223,1
354,93,1
292,277,4
70,91,3
195,78,2
200,1,4
49,301,2
43,158,3
214,183,4
180,188,3
153,121,2
271,179,4
366,9,3
35,51,3
216,246,4
101,88,5
489,338,4
33,57,5
78,287,1
257,249,3
406,269,1
123,45,4
410,320,5
356,318,1
284,131,5
464,63,1
380,12,2
119,70,2
64,24,1
45,327,2
424,27,4
403,179,2
477,315,4
266,251,3
21,114,2
216,28,3
387,327,4
122,292,5
499,53,1
44,72,5
54,87,3
468,48,3
321,326,4
407,7,4
252,220,4
69,265,4
30,191,4
114,234,5
292,3,1
367,237,2
384,343,5
87,146,4
272,98,3
68,306,1
485,93,2
38,86,2
119,190,1
244,279,5
48,285,3
284,226,4
108,279,2
33,324,5
371,263,5
173,8,4
498,344,2
375,245,5
430,98,5
215,212,3
332,39,4
79,174,5
453,31,2
451,10,4
174,203,3
112,164,4
185,192,5
326,149,3
424,336,4
202,292,5
362,114,5
349,166,5
343,152,4
293,41,3
347,209,1
387,81,5
353,218,5
285,238,3
490,12,3
402,190,4
209,280,3
7,53,5
20,292,3
122,286,2
67,55,1
478,135,3
498,79,4
472,24,5
259,28,1
298,115,1
348,38,2
52,219,2
243,318,5
385,32,2
330,185,3
302,229,2
4,304,1
239,81,1
469,4,5
468,339,2
114,264,1
495,175,4
479,244,2
266,12,4
377,6,2
257,175,3
120,302,1
458,28,4
210,9,1
86,112,5
430,134,3
128,224,3
47,288,4
270,285,1
176,296,5
456,277,3
364,157,2
47,132,1
108,303,1
2,251,5
454,340,3
352,139,5
49,209,2
390,111,1
432,216,2
14,320,2
430,260,3
427,149,3
372,15,4
183,73,4
269,98,2
41,98,3
20,102,3
326,102,5
150,211,2
241,128,5
263,263,1
31,190,4
339,240,4
75,40,4
236,282,3
213,192,4
471,283,1
197,224,3
73,58,5
167,333,5
127,224,2
386,75,3
316,63,3
364,118,1
376,37,2
390,152,4
227,189,3
52,163,2
340,310,4
420,60,1
337,173,3
222,295,2
491,319,3
314,47,2
32,239,1
21,53,1
256,270,2
84,188,5
171,36,5
437,260,5
299,319,5
47,105,5
173,86,3
478,69,4
394,242,3
32,9,2
106,225,3
455,215,1
15,14,3
466,336,3
137,232,1
298,49,2
261,167,1
183,205,1
137,160,1
120,125,1
158,25,3
280,169,1
455,66,1
210,280,2
441,31,3
186,102,2
462,2,4
130,207,4
181,126,2
40,77,1
311,217,5
312,114,5
471,306,3
168,49,4
229,62,4
59,342,2
28,260,1
488,50,2
126,165,2
178,103,2
185,21,4
438,218,3
61,257,1
427,241,5
286,134,3
284,328,3
103,330,1
136,154,2
81,329,5
365,271,2
135,205,2
49,321,3
348,176,4
225,341,1
349,108,1
9,11,4
235,44,3
176,295,5
37,342,1
247,75,2
152,241,4
400,108,3
276,232,5
401,1,1
27,129,3
472,224,2
178,278,5
73,204,1
225,60,3
397,81,4
422,7,5
133,205,5
320,295,5
69,309,1
30,54,5
472,276,5
395,217,1
300,49,5
261,132,2
414,320,5
221,68,1
266,49,2
98,139,3
164,336,2
467,204,5
333,5,1
166,43,4
260,291,3
420,75,2
353,8,5
65,134,3
8,229,1
352,244,5
436,42,3
180,86,2
245,295,2
264,254,1
366,318,3
314,72,5
22,92,3
133,260,4
161,75,4
353,319,2
456,81,1
478,106,1
399,155,4
305,96,4
327,141,5
475,255,2
149,53,4
482,34,4
442,284,2
371,2,5
159,16,4
292,51,4
204,190,1
77,227,1
98,243,2
231,62,2
55,95,3
56,261,3
153,259,3
215,83,5
63,75,4
287,59,1
129,16,1
231,227,5
314,229,3
117,71,3
421,21,2
295,119,4
186,253,3
133,322,3
259,317,1
176,205,5
281,87,2
264,35,3
184,285,3
90,16,4
277,35,4
456,254,3
260,39,5
3,342,3
476,187,1
317,244,4
170,272,2
424,278,5
105,88,3
295,242,3
134,80,4
53,99,1
234,246,3
167,344,3
222,133,1
420,191,2
226,86,5
359,145,2
162,17,2
494,301,3
154,190,3
21,237,3
456,71,1
35,250,5
23,167,1
174,106,5
479,98,4
393,13,4
304,228,1
124,330,3
16,336,5
435,141,2
443,242,5
353,174,5
192,189,3
175,6,1
128,268,1
436,187,3
172,5,2
29,229,4
87,65,1
9,227,5
346,135,4
223,80,4
475,134,5
327,324,5
14,246,5
407,11,4
305,74,5
474,213,5
40,96,1
339,42,5
104,314,2
316,127,2
435,152,1
121,159,4
152,256,4
385,46,5
347,190,2
69,10,2
114,56,5
100,262,4
73,245,5
313,231,3
28,263,4
89,47,3
15,57,5
438,156,4
420,228,4
109,335,1
428,191,2
309,311,5
403,274,1
490,6,1
113,36,5
250,123,5
451,89,4
284,112,1
465,103,1
469,128,3
2,307,2
142,1,4
29,53,1
467,61,2
388,146,3
271,121,3
146,58,1
15,202,5
470,325,3
326,156,5
77,105,2
284,324,4
114,150,5
463,235,3
199,251,4
13,264,3
411,28,1
130,219,1
213,130,4
343,125,5
348,326,1
392,343,3
234,128,4
224,55,1
277,301,4
283,185,4
270,302,1
189,227,3
121,1,4
26,182,5
255,224,2
349,161,2
188,153,1
314,43,3
154,137,3
21,215,4
18,269,1
108,7,5
88,308,4
280,193,3
427,198,4
186,231,2
60,324,4
371,89,3
411,87,5
156,174,4
440,185,3
350,195,4
365,253,4
139,165,3
491,310,3
211,294,5
338,159,4
221,47,3
119,284,2
444,138,1
390,123,3
320,177,1
83,220,2
8,31,2
143,71,2
188,338,1
92,90,1
34,338,1
364,258,1
105,126,3
53,126,5
278,241,3
101,202,5
362,120,4
325,236,3
123,68,2
481,10,1
202,234,2
125,239,5
446,14,2
132,283,2
65,239,2
389,316,5
298,14,4
115,148,5
45,274,1
393,345,3
92,172,2
10,320,2
459,329,3
95,78,2
399,159,3
202,197,5
152,31,5
239,167,3
283,203,2
331,319,4
147,221,5
468,13,2
230,155,4
436,326,3
49,195,5
17,226,4
126,230,2
120,333,1
359,7,2
17,24,4
246,155,5
195,43,3
380,101,3
69,203,1
205,213,2
383,122,3
449,46,2
24,94,2
297,166,5
71,136,2
81,308,4
338,65,2
216,49,4
167,99,1
98,332,1
232,141,4
459,345,5
14,272,1
30,213,2
174,137,5
132,156,2
100,257,5
376,98,5
382,204,3
473,9,1
403,5,3
144,4,1
163,335,1
130,307,1
477,139,2
463,95,2
139,211,1
297,71,4
136,60,1
348,58,1
35,137,2
459,167,3
367,63,3
21,54,3
329,182,3
220,342,5
278,184,1
199,63,5
238,147,3
347,4,3
236,132,2
451,116,5
110,96,1
471,8,2
387,84,3
231,180,3
421,171,5
212,145,4
74,217,2
493,2,4
28,278,5
179,256,1
309,53,1
143,98,2
313,336,1
193,29,2
427,96,4
96,160,1
319,43,3
424,176,5
446,71,4
96,96,5
337,44,2
35,197,3
133,74,2
336,35,4
260,9,4
66,25,4
24,49,1
305,92,3
409,200,3
286,84,3
175,200,4
110,40,2
394,135,5
38,282,4
138,193,4
289,34,5
227,267,1
203,133,3
499,283,1
419,186,1
275,165,3
105,203,3
131,227,1
61,36,2
427,117,4
292,245,3
97,134,1
90,14,5
85,95,2
449,183,4
100,55,4
35,54,5
175,201,1
268,233,1
330,214,1
132,46,2
56,326,1
463,221,2
433,124,4
416,87,5
131,184,4
214,178,3
136,95,2
310,272,2
355,62,2
385,182,3
450,191,2
333,206,2
392,179,3
463,235,3
242,11,2
37,250,2
57,340,2
277,45,1
445,309,5
195,223,2
104,254,4
290,237,5
446,119,2
276,325,4
17,246,4
172,315,4
21,153,1
239,210,5
227,83,4
133,82,1
67,73,4
183,102,3
467,51,1
480,251,1
447,136,2
495,61,2
398,83,4
68,232,2
261,313,4
234,223,2
417,105,1
485,173,2
22,134,2
269,181,2
312,239,1
283,296,5
472,151,5
424,95,2
187,26,4
414,111,2
11,27,3
127,257,3
213,45,4
437,193,3
73,212,5
449,315,4
174,24,2
367,206,1
97,246,4
172,102,5
484,24,4
382,170,2
175,180,5
385,340,2
125,42,5
467,317,1
11,103,4
80,163,2
219,281,2
224,176,4
284,222,5
75,256,4
382,191,3
248,310,5
373,246,2
149,263,1
369,165,4
198,217,1
354,109,1
285,40,1
291,84,4
432,157,1
214,12,2
134,2,5
111,58,5
179,47,5
431,168,5
182,281,3
486,74,4
422,198,1
198,4,4
47,160,1
455,50,5
85,335,5
161,99,2
196,5,4
233,277,4
291,14,2
466,147,5
220,231,1
88,289,1
461,67,2
392,129,4
51,129,4
101,22,2
124,222,2
153,202,5
308,1,5
4,116,4
498,159,5
22,18,1
58,127,5
476,281,5
166,265,2
310,140,5
110,147,2
468,93,5
248,46,5
328,144,3
232,64,5
81,127,3
434,149,5
101,246,4
428,63,1
18,105,2
200,30,5
394,31,5
168,147,1
239,315,2
355,186,3
337,193,5
71,272,2
200,197,4
337,19,3
132,234,1
456,252,1
287,4,1
191,66,5
168,26,1
162,334,4
225,165,5
223,308,1
23,39,2
352,251,1
219,171,2
412,125,4
165,16,4
418,160,2
101,305,3
20,250,4
250,64,3
70,185,2
372,184,3
397,151,2
257,70,5
173,159,2
421,220,4
324,345,2
345,307,5
242,195,2
473,226,5
240,246,1
47,272,3
311,231,1
425,290,2
52,133,1
226,247,5
145,177,2
194,184,2
56,309,3
153,103,4
90,20,5
499,4,1
377,231,5
376,54,5
85,198,2
379,224,2
130,35,2
298,255,2
411,190,1
176,262,2
252,62,2
414,324,1
377,155,4
58,332,1
400,304,5
308,228,2
326,271,5
447,233,2
236,188,2
456,233,4
124,214,2
436,289,4
295,232,2
253,160,3
303,139,4
249,200,5
22,90,1
355,141,4
406,109,1
264,74,1
10,48,4
433,164,5
362,9,2
469,165,4
418,131,5
53,45,3
451,81,1
241,283,2
380,304,5
460,269,4
300,16,5
309,84,3
87,67,5
116,92,2
373,268,2
206,100,5
61,39,1
99,145,4
423,51,3
185,60,1
83,4,2
252,210,2
37,36,3
314,330,4
91,306,1
336,297,1
135,224,1
364,249,4
452,66,5
316,252,5
251,249,4
158,94,5
51,316,3
155,297,2
333,47,4
341,156,1
377,330,1
323,189,3
485,257,1
114,153,1
311,40,3
168,20,2
333,74,3
262,156,3
70,181,1
277,323,1
86,84,3
255,295,4
374,205,5
202,343,4
111,178,1
312,74,1
25,33,3
409,69,1
447,224,2
202,26,1
178,274,3
388,51,5
329,306,3
73,8,5
159,319,3
399,226,3
114,317,3
297,95,4
29,200,2
395,282,2
254,169,1
211,139,4
393,70,5
28,169,2
392,305,3
253,60,3
207,252,5
213,264,4
77,71,5
155,47,3
240,262,4
212,268,4
85,20,3
492,158,1
322,159,1
372,58,2
130,62,3
321,156,2
136,66,5
347,249,3
86,85,2
191,129,1
377,343,3
309,180,5
129,336,1
29,262,2
35,19,4
216,84,2
153,238,4
137,200,4
63,277,3
220,338,2
182,12,1
149,294,2
336,256,5
28,318,2
269,258,5
154,111,2
287,283,3
249,221,1
318,153,4
307,19,1
48,294,1
445,249,1
448,111,3
163,27,2
107,116,1
193,83,1
226,112,3
251,159,1
433,291,1
450,45,2
484,46,5
307,335,4
389,22,4
212,262,3
58,197,3
271,199,4
431,302,1
4,320,3
104,302,3
404,10,1
427,14,5
473,297,4
437,119,5
169,52,1
132,235,1
261,150,4
356,143,5
226,297,5
190,33,2
248,236,2
2,330,5
383,39,2
151,269,1
91,309,1
14,214,1
394,238,4
125,65,4
377,196,5
433,291,1
459,342,4
243,343,4
333,153,3
490,2,1
317,223,3
371,216,2
307,24,1
87,93,4
180,345,3
304,169,4
38,49,2
455,308,2
228,223,5
341,195,4
122,174,3
370,97,4
465,157,5
470,151,1
467,255,4
495,224,1
246,316,1
5,311,3
326,148,1
119,39,2
111,150,1
454,261,1
138,152,4
4,111,5
279,201,1
225,153,5
152,223,3
87,7,2
477,11,4
289,88,5
147,14,5
375,252,1
249,171,1
372,320,4
54,38,2
64,4,5
8,194,2
423,120,1
233,213,5
291,203,5
58,128,2
410,195,4
198,344,1
364,77,3
137,98,3
451,246,3
285,157,4
153,243,3
457,14,5
138,293,2
469,131,5
397,314,2
363,36,1
320,43,1
200,38,1
220,314,1
69,113,4
298,18,2
172,163,2
343,92,5
257,118,5
40,226,4
190,67,5
428,218,3
462,73,1
159,12,3
97,20,1
369,211,1
252,287,3
69,237,3
104,252,4
362,73,3
418,55,4
329,236,3
333,38,5
454,118,4
322,256,4
323,270,3
417,213,1
364,38,5
326,215,5
73,213,3
319,12,3
73,171,1
449,211,5
9,326,2
70,78,1
328,53,1
292,210,4
280,306,1
57,270,1
497,250,2
200,286,3
245,163,3
330,31,3
413,253,5
227,246,4
41,129,1
62,321,4
339,106,3
151,151,4
366,85,4
148,23,3
176,169,1
47,255,2
136,13,1
222,68,4
51,4,5
242,57,5
187,196,5
224,288,2
126,239,1
55,146,1
322,300,3
168,345,2
87,328,4
416,207,1
263,319,5
33,249,4
278,217,4
268,58,4
386,239,2
353,104,4
395,124,5
92,334,5
220,335,5
410,105,1
73,168,2
462,260,2
490,2,5
387,345,1
340,153,3
94,122,3
280,94,1
336,57,2
173,138,3
357,87,3
138,41,4
352,288,4
446,230,1
291,69,4
189,224,1
36,243,1
278,33,4
231,212,4
321,198,1
324,12,2
193,260,5
220,223,2
18,151,2
258,90,3
187,334,5
481,53,5
153,148,4
307,92,1
90,299,4
3,114,2
290,172,1
168,256,3
362,148,2
370,265,4
9,254,3
100,172,2
323,87,3
290,153,4
349,318,5
69,234,3
383,130,5
87,271,5
166,74,2
171,218,3
274,70,1
461,78,1
45,56,3
89,206,5
418,26,3
156,29,3
278,298,2
264,253,4
32,156,3
455,239,3
320,279,3
188,235,5
187,280,4
416,275,4
189,171,5
429,176,3
103,143,4
73,77,5
465,297,3
210,275,3
39,250,5
232,251,4
89,23,2
480,21,1
388,36,1
468,198,2
104,273,5
177,279,5
227,152,5
235,198,2
381,8,3
67,97,3
127,123,4
278,15,4
98,273,5
96,182,3
40,316,1
57,252,5
483,140,4
60,231,2
92,99,3
112,324,5
124,85,5
5,135,1
122,152,1
340,1,5
284,257,1
173,268,3
72,206,4
488,225,5
268,213,1
281,121,4
165,36,2
51,39,3
259,327,2
494,265,3
123,254,1
302,295,4
318,239,5
191,13,2
447,58,1
88,171,1
307,315,2
496,214,1
440,78,2
150,198,5
74,147,5
274,177,1
148,180,1
235,51,2
436,100,3
105,308,3
304,338,4
321,258,5
256,101,5
27,112,4
182,92,2
412,163,3
307,207,3
165,104,2
257,24,2
43,339,1
316,162,1
328,233,2
438,14,5
455,306,4
63,121,1
246,230,1
362,7,4
98,297,5
383,79,2
79,340,1
430,33,2
345,10,4
116,82,3
227,216,4
379,3,3
303,341,1
273,284,1
453,145,4
466,145,4
123,102,1
217,181,4
446,176,5
235,72,5
56,116,2
480,334,3
136,237,4
247,316,1
131,95,5
442,200,2
447,118,1
172,255,3
331,56,5
357,145,3
434,72,1
285,202,2
221,236,3
283,163,4
80,145,5
118,9,1
396,43,4
379,281,5
228,83,2
74,260,5
204,161,1
39,160,3
56,210,3
155,165,1
105,57,1
114,211,1
282,21,1
44,164,5
399,77,3
146,322,1
312,15,3
96,318,2
135,192,4
42,248,4
25,62,2
49,211,1
303,305,4
118,303,1
240,176,2
412,43,3
147,77,3
56,79,5
234,306,5
469,45,4
413,294,3
301,288,5
58,173,3
374,301,4
58,227,4
127,165,4
280,257,1
8,66,2
265,91,3
49,177,3
349,242,2
255,121,1
200,227,4
424,325,1
25,80,3
223,230,5
42,237,4
182,342,3
110,301,1
339,82,3
290,261,5
135,37,1
127,36,2
327,72,5
99,13,1
209,278,2
136,120,1
456,208,1
77,83,1
357,217,4
31,212,4
373,182,3
304,89,5
40,227,2
491,119,4
196,87,2
465,93,2
234,67,4
243,291,3
177,69,5
110,253,1
105,240,1
491,61,2
243,164,4
117,233,3
116,215,1
250,342,4
10,301,2
376,259,4
430,24,2
81,296,4
219,224,1
254,169,4
452,313,1
291,274,5
237,20,2
340,222,2
169,291,2
295,19,1
26,188,3
179,267,4
339,2,5
334,320,4
438,267,4
430,144,1
328,9,2
1,283,1
91,25,2
283,291,1
246,57,5
469,298,1
75,11,2
242,275,2
167,31,5
393,92,2
328,7,5
339,111,3
72,202,1
220,219,1
107,74,3
318,147,3
16,260,4
14,216,3
154,176,5
128,62,2
124,314,1
230,112,5
343,300,4
148,87,5
232,4,3
10,210,2
161,112,2
462,3,2
185,306,1
194,240,3
71,330,1
80,195,5
177,304,3
244,317,4
499,23,3
202,193,4
490,95,3
90,75,2
98,128,4
460,71,3
176,2,3
233,240,4
1,308,1
389,5,4
87,199,2
70,21,4
14,271,3
172,218,4
197,127,3
226,312,2
88,2,1
381,307,2
280,304,1
490,47,1
111,284,3
5,297,3
438,124,3
128,323,4
269,149,3
174,107,3
377,31,4
153,286,5
111,275,2
9,39,5
447,125,3
360,182,4
19,287,5
174,148,3
2,307,3
136,57,5
107,113,1
379,62,2
430,89,4
477,157,1
190,310,2
278,134,4
445,330,5
286,272,4
23,245,5
49,4,2
387,92,3
75,94,4
467,323,3
429,255,3
306,74,3
403,187,5
65,310,5
205,250,1
97,328,2
450,239,3
441,256,3
99,110,5
449,113,3
403,320,4
187,211,1
234,55,1
196,172,1
402,172,2
472,142,1
99,106,4
421,144,2
2,319,2
415,48,3
254,125,1
259,29,5
325,298,5
162,343,5
62,7,3
229,57,1
139,166,5
301,174,3
437,301,1
261,260,4
195,233,5
94,344,5
70,104,1
83,315,3
226,294,5
347,253,4
57,6,2
192,49,5
373,80,5
256,158,4
85,53,4
37,273,1
217,147,3
492,71,2
253,54,4
75,103,2
295,150,2
416,292,4
124,242,1
109,20,2
269,16,5
390,148,1
66,149,1
410,195,5
348,155,4
410,132,5
217,236,4
242,18,4
116,146,3
268,20,1
123,41,1
396,299,1
461,1,1
476,88,2
346,241,4
121,10,1
226,155,1
279,52,2
392,308,1
465,140,2
209,17,4
131,84,5
75,72,4
122,184,4
271,171,4
53,104,1
228,295,2
3,132,2
91,304,4
372,344,3
160,50,4
235,256,1
11,2,2
184,44,5
281,46,1
315,129,1
398,230,1
196,330,4
403,306,4
371,236,3
488,263,3
221,338,4
184,222,2
307,4,3
79,180,5
463,313,3
462,61,5
149,334,1
230,163,1
441,133,2
295,246,3
116,296,4
218,55,4
337,262,3
77,324,5
263,115,4
76,203,2
260,295,4
232,238,3
192,338,5
335,307,5
399,239,4
435,64,1
135,182,5
496,237,3
281,198,3
453,261,3
102,313,3
189,156,2
28,296,3
396,259,4
126,106,2
398,334,1
299,342,5
2,87,5
147,229,3
185,37,1
201,205,4
79,297,4
395,249,1
13,237,4
103,148,4
486,297,5
272,213,5
384,242,2
412,138,5
263,231,4
234,189,5
142,103,5
28,286,3
158,197,4
137,60,4
69,12,3
286,180,5
227,135,3
437,233,3
173,198,4
284,187,5
306,270,1
124,196,1
67,147,4
308,194,2
28,125,2
158,110,1
14,129,1
319,82,3
302,155,1
175,148,2
213,70,4
341,151,1
276,181,5
41,283,1
20,182,4
448,170,5
273,200,5
419,1,1
89,224,1
429,56,1
463,203,5
173,332,4
477,280,5
378,300,2
137,295,4
70,259,3
432,177,2
86,15,5
293,80,5
19,90,1
311,138,4
197,19,1
4,243,5
73,27,3
154,292,2
323,34,5
144,240,5
149,162,5
374,273,2
273,319,4
86,148,5
177,73,3
303,204,4
333,317,5
168,71,3
218,120,4
97,262,2
487,129,4
284,254,3
48,16,5
354,73,2
49,226,3
428,95,5
266,266,5
486,235,1
249,200,4
230,244,1
16,300,5
476,192,2
139,321,5
438,270,5
405,242,4
306,277,1
292,302,4
192,117,4
282,269,5
34,231,5
152,181,5
222,12,4
397,35,1
119,344,1
415,332,5
109,288,1
167,273,1
383,125,3
264,177,4
300,163,3
196,188,4
70,287,4
345,342,1
112,237,5
73,168,4
39,308,1
378,46,2
125,339,1
427,315,4
145,181,4
34,82,4
280,114,5
89,201,3
426,126,1
50,180,4
142,119,2
313,176,1
433,255,3
241,340,1
406,50,1
266,219,1
380,234,1
333,333,1
276,72,5
192,117,1
318,32,1
210,113,4
123,311,1
92,78,4
161,39,4
145,69,3
236,144,4
349,326,4
489,93,5
297,175,5
200,335,5
37,330,3
416,243,4
381,148,2
348,60,4
402,252,2
263,98,2
484,147,3
92,36,1
366,249,5
145,153,3
418,192,1
311,115,2
34,32,2
156,47,3
278,236,5
265,24,5
4,246,4
442,179,1
125,128,4
277,208,3
402,330,4
488,274,5
336,227,1
431,285,4
381,1,1
361,96,4
105,265,4
359,84,4
174,294,1
415,16,1
49,38,3
134,8,4
137,273,3
164,255,1
172,83,2
378,30,4
390,249,5
179,88,1
30,301,4
54,186,3
55,220,1
226,187,5
198,180,4
43,222,1
482,147,1
200,107,4
259,66,3
358,298,5
182,141,3
126,192,3
222,27,2
449,68,3
216,31,5
40,310,4
280,81,3
272,215,2
429,46,5
468,258,3
347,274,5
90,276,5
78,305,2
264,241,5
268,91,5
292,30,4
267,294,4
120,117,2
324,340,3
242,6,5
248,69,2
414,92,4
431,86,2
314,145,5
293,20,4
257,148,1
365,188,5
404,309,1
426,239,4
344,227,5
335,308,3
321,25,3
475,338,3
261,180,5
374,164,2
401,66,2
58,165,1
27,113,4
416,177,4
57,103,2
125,102,4
51,57,5
170,64,2
262,169,1
424,275,4
359,189,2
420,172,5
45,154,5
307,236,3
494,133,3
4,30,1
258,59,1
336,121,1
444,271,4
459,235,1
415,313,3
475,328,4
254,27,2
26,114,4
42,43,2
149,332,5
496,161,3
343,134,1
464,74,5
226,197,3
15,267,2
395,303,3
494,159,1
444,325,4
121,256,4
42,7,2
25,246,2
292,205,2
47,52,5
391,7,2
230,35,3
403,297,3
314,197,3
87,112,1
442,11,5
334,252,5
200,225,5
307,178,5
471,129,2
363,196,3
25,314,4
449,318,5
251,287,1
405,39,5
44,64,4
408,60,4
486,6,5
454,130,4
278,131,4
470,177,1
113,192,1
319,200,3
370,162,5
214,176,3
70,127,1
1,283,3
491,175,3
342,257,3
403,228,1
74,62,2
453,9,5
48,255,5
394,330,5
215,218,4
188,150,5
157,6,1
106,33,4
331,31,3
162,231,3
204,329,4
334,50,1
352,49,5
418,270,1
95,269,5
492,140,5
276,36,1
363,34,2
407,315,3
143,159,1
76,107,2
376,132,3
424,147,2
475,94,5
247,69,5
416,200,3
121,135,3
467,303,5
35,256,2
362,337,5
151,200,3
341,12,5
208,106,3
138,234,3
363,43,3
6,265,4
456,334,1
295,35,3
266,34,2
309,2,1
12,107,3
145,237,5
270,310,4
251,221,1
289,286,1
485,285,4
188,21,4
117,146,4
334,309,3
244,197,3
77,225,3
407,308,4
133,321,4
158,337,4
91,301,2
166,206,3
109,301,2
428,327,3
431,230,4
413,291,3
397,214,2
245,238,2
91,95,5
209,203,3
129,50,4
254,179,4
203,95,4
157,294,5
243,187,3
177,278,3
220,231,1
62,21,5
316,51,1
290,230,5
284,89,2
26,242,1
199,112,4
307,183,3
175,166,5
309,145,5
150,66,4
158,11,2
307,201,5
207,114,3
25,288,4
142,70,4
240,112,2
298,307,5
495,231,3
94,332,4
466,250,3
333,185,2
321,227,2
456,191,3
208,171,2
48,188,4
399,68,1
492,151,4
206,213,3
130,326,4
479,78,3
243,137,5
25,187,1
226,270,1
428,30,2
237,170,2
254,317,2
218,83,4
30,150,5
46,44,5
111,181,2
388,16,1
495,65,5
457,298,5
209,186,3
231,56,1
225,138,5
440,308,3
282,86,3
382,90,5
288,268,4
463,319,4
161,161,5
300,236,2
245,133,2
121,61,3
184,4,5
100,89,1
429,60,3
149,240,1
338,70,4
417,187,1
230,250,4
140,185,4
23,69,2
128,37,4
420,304,1
324,51,1
229,121,4
157,183,4
109,259,4
310,313,3
390,301,5
262,272,5
379,272,1
245,49,4
385,134,1
146,120,5
372,176,5
396,318,4
414,256,4
54,201,5
431,81,2
348,343,2
343,149,5
314,323,2
183,28,4
276,237,5
387,153,1
131,90,1
425,8,5
90,130,2
16,3,3
458,299,1
86,315,5
189,44,5
195,12,3
96,340,2
317,106,4
231,341,3
406,304,1
241,48,2
244,31,4
295,31,4
491,175,5
445,134,5
136,28,4
303,171,5
291,53,2
242,152,3
201,155,3
356,52,4
4,114,3
324,22,3
254,56,4
360,299,4
180,80,4
345,341,1
289,34,5
54,294,1
218,43,5
181,77,4
170,122,1
122,92,1
96,160,2
339,201,1
198,130,2
104,188,3
364,216,4
296,105,4
115,185,4
217,79,1
207,205,5
391,212,2
198,260,1
138,94,2
196,267,2
194,82,2
129,134,2
283,56,2
129,104,5
314,83,4
385,256,2
358,133,1
90,219,4
146,274,4
448,174,5
138,114,3
43,255,5
245,217,3
420,149,4
364,250,1
353,25,5
173,80,1
70,307,5
87,43,5
384,126,2
15,140,2
50,317,3
204,176,1
215,339,3
11,255,3
293,184,3
370,66,4
76,327,5
446,38,3
13,301,1
351,120,5
59,303,1
390,195,2
478,168,5
416,50,3
476,321,5
359,159,1
449,186,2
225,206,2
445,327,4
144,129,2
201,64,4
29,183,4
240,83,2
472,274,5
289,300,4
306,271,5
166,105,3
129,86,2
3,251,5
463,202,4
227,278,2
383,121,2
289,40,4
249,89,1
454,204,1
365,143,2
468,300,5
421,181,5
418,184,5
92,325,4
163,198,4
344,311,5
441,144,4
82,322,3
381,62,1
395,293,4
101,215,1
348,76,5
89,318,4
321,75,5
444,230,1
130,261,2
230,234,1
29,293,1
95,63,5
71,154,3
81,130,1
252,75,1
72,178,4
140,53,4
264,116,1
57,96,4
125,304,2
261,196,3
129,139,3
186,139,1
23,51,5
138,345,5
228,35,4
130,121,5
496,110,1
15,113,2
27,110,5
122,10,4
131,205,5
5,8,2
144,260,2
384,174,4
101,154,3
204,127,4
172,282,5
301,130,3
137,2,3
142,129,1
114,180,3
65,101,5
315,53,4
420,135,2
335,103,1
390,168,5
226,219,2
208,253,4
44,17,1
449,63,1
419,156,5
13,304,4
365,182,4
197,225,3
190,345,1
156,116,3
267,231,4
171,122,2
475,166,3
469,222,5
497,136,1
12,11,1
379,198,3
165,344,4
366,233,4
462,134,4
9,262,4
109,105,2
85,263,5
172,65,5
169,213,5
302,199,5
364,112,4
186,291,1
66,341,2
223,161,3
24,187,1
235,174,4
108,242,3
424,342,1
261,323,1
17,151,2
3,67,5
390,110,4
454,2,2
260,189,4
98,325,2
264,270,3
482,244,4
267,145,2
61,201,4
362,118,3
79,233,3
14,171,3
426,98,3
398,242,3
237,295,3
335,111,1
411,79,2
197,92,1
490,305,2
403,124,3
90,147,4
234,92,5
385,286,5
208,264,5
496,265,4
353,242,3
429,132,4
194,205,1
347,36,5
301,339,3
459,129,4
62,277,4
156,297,1
318,26,1
390,19,5
109,2,5
257,344,5
98,268,4
196,40,3
459,266,5
18,321,3
407,308,1
139,136,3
458,182,4
81,331,4
285,5,3
118,166,5
47,91,3
333,234,3
60,295,5
496,291,5
8,167,4
106,126,2
434,93,5
223,61,4
114,97,1
369,341,1
140,317,5
261,165,5
64,7,2
387,98,5
125,295,3
96,171,4
31,237,2
116,173,5
451,42,5
58,195,1
416,102,2
206,138,3
207,266,4
116,299,2
2,42,5
185,187,3
484,121,3
368,214,5
152,83,1
218,162,1
189,310,5
144,252,2
296,282,5
176,198,1
331,313,3
295,113,2
100,262,4
446,259,4
133,189,5
323,273,1
14,44,3
235,12,3
146,263,3
260,11,1
307,20,3
338,196,1
37,185,1
207,132,5
195,165,4
460,170,5
240,166,1
239,21,2
419,145,3
58,30,2
432,31,4
241,318,4
181,228,1
77,110,5
89,136,3
496,18,2
26,84,5
368,123,1
339,147,1
301,190,1
156,50,1
209,70,3
378,332,1
232,109,4
402,75,2
463,166,1
234,292,5
269,268,4
190,62,2
243,272,1
445,147,4
15,266,4
360,130,1
199,181,3
269,10,2
156,106,4
393,36,4
330,316,1
480,187,2
130,22,4
488,66,3
203,214,1
434,224,2
67,146,3
218,212,4
440,7,5
287,42,5
219,144,5
37,172,5
250,166,5
256,243,4
10,232,5
353,72,3
205,157,1
150,258,3
297,211,1
252,28,2
351,86,2
460,70,4
189,53,1
333,76,5
416,118,2
311,80,3
197,276,5
89,260,5
321,24,4
382,218,5
318,244,3
312,335,4
397,36,5
124,309,3
476,194,1
50,226,4
297,22,3
237,312,5
318,37,3
190,105,4
489,186,5
429,332,5
315,187,1
213,79,5
456,342,4
346,38,2
296,11,3
23,100,2
31,147,5
137,101,3
288,215,1
144,51,4
45,81,2
212,256,5
424,271,3
177,50,5
325,32,3
178,34,4
394,167,1
329,149,3
168,80,4
459,74,3
481,224,1
379,275,4
25,279,5
483,274,4
94,159,2
299,153,3
5,170,5
146,305,1
333,27,1
412,124,5
318,259,3
499,72,3
135,70,4
252,154,2
299,164,4
281,109,4
46,58,3
227,183,3
431,60,5
143,100,2
159,111,1
245,18,4
417,120,1
398,288,3
44,329,2
162,285,2
482,175,3
113,218,3
61,223,4
2,342,2
379,116,5
142,109,3
125,30,3
477,153,5
148,331,3
127,179,4
248,285,3
51,210,4
63,259,4
330,165,1
120,43,3
451,168,3
487,39,1
34,169,3
333,13,1
250,72,1
431,3,2
39,45,5
344,314,3
134,60,3
388,122,4
43,114,2
120,125,5
80,94,3
454,22,4
455,43,2
67,136,3
383,79,5
84,233,2
193,289,5
468,88,4
79,133,2
314,139,2
143,258,1
204,251,3
32,214,4
487,20,4
447,308,4
440,215,3
119,99,3
375,235,1
452,293,2
215,158,5
258,119,3
148,149,2
418,98,5
125,48,5
353,112,5
304,194,2
434,127,4
397,1,4
238,282,3
317,31,1
136,155,3
222,117,3
420,56,2
47,43,5
48,16,5
41,143,1
127,134,3
53,65,1
249,56,5
438,212,3
396,226,3
83,325,4
446,157,5
261,88,1
398,343,4
431,82,2
275,36,4
28,183,5
93,39,5
188,314,5
135,208,3
464,65,4
154,2,4
449,14,2
42,48,2
210,325,4
50,233,1
275,13,5
419,238,2
386,88,1
288,314,2
412,135,1
21,195,1
78,151,5
287,260,1
321,287,5
211,20,4
263,277,1
80,145,3
6,280,2
111,66,4
184,6,4
362,190,2
94,271,5
50,95,3
228,41,2
118,125,4
412,187,4
233,70,1
127,130,5
424,218,3
457,216,4
464,109,4
247,185,3
348,272,5
203,232,2
463,154,1
75,42,5
54,292,4
452,2,2
75,239,1
373,76,2
410,120,3
2,293,2
460,310,5
249,71,1
360,230,1
377,48,2
238,97,1
287,59,5
262,94,5
402,35,4
314,63,1
231,291,4
166,221,4
337,299,2
441,36,3
59,207,4
94,86,5
144,345,3
498,17,4
221,123,3
337,242,4
222,177,1
48,204,5
247,120,5
168,54,5
376,9,4
171,324,3
310,30,4
194,156,3
256,174,1
11,38,1
1,93,1
464,30,4
206,60,1
497,70,5
300,6,1
426,222,1
363,306,1
99,267,4
358,327,3
409,274,2
344,248,5
327,55,5
495,94,1
231,221,4
498,281,3
80,159,1
297,275,5
299,322,3
273,86,5
34,135,5
252,126,3
206,73,2
134,10,1
214,114,4
176,280,2
301,334,1
408,329,3
35,63,4
191,73,5
485,287,2
466,325,3
65,219,2
245,322,4
16,276,1
248,243,3
447,334,5
101,28,5
187,207,4
250,286,2
372,48,3
473,38,3
258,338,5
126,151,1
22,156,3
162,303,4
307,305,2
269,273,2
140,213,1
483,63,4
156,211,3
459,27,1
47,55,3
477,212,1
435,71,1
485,156,2
110,174,5
225,76,2
436,113,1
361,284,1
379,254,2
326,96,4
378,99,2
129,103,1
239,171,1
386,177,4
468,319,3
305,311,2
109,329,5
290,327,3
134,328,5
466,264,3
170,272,3
26,47,4
479,312,3
28,294,5
155,297,5
437,6,3
262,296,2
318,15,4
50,188,3
407,60,4
494,287,2
326,176,5
61,62,4
110,13,5
39,292,1
341,110,2
331,223,1
384,291,1
96,215,2
343,24,4
231,125,5
317,36,2
319,124,3
350,33,4
175,130,5
306,154,2
481,335,4
18,18,1
362,268,4
469,94,1
179,99,2
404,307,2
203,208,3
302,30,4
28,160,2
274,158,4
338,8,5
192,38,1
214,176,4
403,138,2
424,207,3
76,136,3
420,123,5
238,268,5
32,118,5
466,285,5
435,201,1
359,19,2
228,92,4
284,310,4
1,286,3
146,309,3
355,283,1
332,248,3
122,211,3
39,216,4
398,106,4
433,87,5
78,338,3
471,123,3
212,7,5
110,82,3
46,146,4
58,21,4
200,334,5
86,9,5
378,150,1
463,339,4
359,145,1
179,88,4
194,178,5
7,80,1
211,114,1
371,41,4
321,298,2
384,324,2
7,322,5
86,230,3
283,167,3
229,264,3
269,119,4
74,81,3
135,52,2
136,90,1
211,7,4
201,36,4
139,228,1
387,219,1
384,58,2
432,58,4
83,105,4
22,65,4
311,262,1
283,257,5
107,172,5
344,130,2
446,180,1
134,126,3
271,311,5
350,195,2
416,313,1
368,38,4
483,76,3
362,3,5
458,84,2
287,177,2
215,8,4
36,241,5
363,104,2
472,48,5
81,228,5
498,146,5
304,340,2
248,210,5
393,251,3
158,181,2
59,281,5
66,202,3
425,323,3
207,124,3
175,169,5
3,38,3
380,259,4
148,38,3
113,288,5
165,244,5
301,53,1
322,283,4
5,71,3
35,320,3
2,226,3
143,202,3
228,324,3
442,77,5
215,312,2
486,270,3
124,310,5
478,101,5
126,301,3
25,200,1
434,166,3
285,38,1
2,306,2
22,144,3
121,214,5
127,224,3
42,90,4
28,5,3
441,144,1
384,152,2
159,327,5
430,143,4
458,327,3
38,254,3
305,197,5
423,28,2
425,262,4
351,261,2
40,42,4
43,50,2
235,281,3
216,111,4
116,68,2
116,100,2
219,77,1
443,102,1
171,285,5
256,107,2
161,162,5
112,173,5
483,340,1
287,12,2
455,120,4
319,93,4
137,208,1
398,11,1
98,264,2
295,297,4
102,8,5
474,273,1
81,287,1
4,141,4
493,243,1
55,63,1
237,66,1
154,55,4
11,244,2
460,110,2
112,212,1
89,110,4
417,54,5
261,20,3
46,91,5
417,105,2
23,166,4
20,66,5
351,329,2
192,245,1
117,47,3
259,290,1
131,56,3
72,16,2
71,316,3
57,142,2
243,194,1
467,322,3
242,41,5
105,296,2
83,65,2
495,19,3
420,157,1
156,343,4
444,69,1
366,115,1
340,47,4
187,208,5
256,303,2
338,42,4
192,241,3
457,232,2
32,81,1
428,312,4
354,162,2
121,289,5
386,93,3
497,19,5
293,211,1
124,309,2
62,8,1
53,54,5
439,131,1
405,308,1
183,299,3
61,203,3
43,229,3
185,217,2
183,288,4
8,89,3
315,12,3
386,62,1
278,248,1
414,144,1
151,68,2
380,232,1
487,243,4
188,6,3
367,53,4
302,238,1
187,157,3
204,114,1
39,331,4
252,176,1
283,273,2
92,207,3
259,140,1
163,300,1
445,7,4
400,270,3
293,264,5
28,261,3
206,249,5
437,266,2
424,96,1
175,331,1
225,180,2
203,75,3
480,245,5
189,238,1
161,276,1
155,276,1
24,218,4
93,160,5
262,45,2
231,25,4
168,204,1
419,261,4
30,39,2
183,13,2
286,264,4
329,168,2
142,312,4
499,239,3
176,44,3
313,283,1
404,84,5
219,281,5
40,258,5
238,137,5
92,229,3
283,107,3
207,192,5
214,264,4
118,51,3
434,76,1
277,13,3
380,242,3
421,225,4
358,207,4
83,95,4
169,312,2
478,338,3
443,17,1
67,31,1
178,238,2
188,333,4
17,248,5
404,295,5
231,308,1
73,330,1
487,5,1
272,57,1
58,218,3
483,265,3
486,11,3
400,167,3
483,172,2
218,45,3
338,293,1
285,121,1
385,254,4
412,164,1
368,315,2
8,237,1
268,72,5
419,342,4
353,233,4
446,255,2
496,188,4
444,132,3
193,342,3
170,79,1
67,126,1
279,122,4
75,199,3
37,14,3
53,107,5
130,200,3
110,163,5
341,32,4
7,34,1
38,256,3
351,149,3
309,299,3
234,270,5
86,290,2
9,262,1
363,186,5
62,155,4
331,271,4
231,179,3
497,286,5
421,149,1
39,210,3
126,16,1
489,78,3
333,71,3
339,109,2
467,203,2
384,84,5
384,265,2
17,342,2
18,172,3
454,254,3
57,96,1
211,114,5
305,227,5
287,195,3
80,321,1
270,48,3
368,162,1
24,221,1
225,208,1
245,165,5
454,230,4
480,330,4
109,126,4
120,241,3
148,119,1
166,299,5
146,123,5
294,55,3
366,285,1
322,180,5
37,67,5
419,25,5
81,243,3
274,32,5
419,301,4
13,287,5
338,78,5
188,284,3
423,154,2
55,89,3
15,186,1
279,321,2
227,181,1
198,140,1
168,200,4
95,88,5
419,71,5
485,333,3
351,140,4
41,307,5
405,62,5
282,310,5
202,45,4
226,122,5
28,301,4
449,106,1
127,296,3
350,267,2
176,342,5
491,212,4
336,77,1
100,156,4
176,42,3
150,244,5
350,161,3
234,105,2
180,216,1
369,10,5
323,147,2
326,111,4
370,271,2
131,310,5
48,281,2
279,338,1
35,135,2
480,236,1
341,312,4
251,187,4
196,300,4
187,170,5
150,64,4
365,80,4
64,193,3
395,315,1
219,35,2
95,326,1
320,174,3
77,129,2
156,200,1
123,172,5
164,182,2
464,63,3
466,248,4
30,201,4
308,232,3
414,142,5
209,122,4
139,325,2
341,282,3
19,83,1
418,317,5
217,13,1
45,167,3
132,127,1
217,291,1
399,323,2
140,136,4
356,254,3
247,279,2
357,85,2
201,278,4
210,290,5
485,226,5
292,341,1
120,284,1
476,236,4
378,125,3
196,36,1
431,198,1
74,39,1
485,253,2
152,216,1
263,158,2
105,339,2
153,142,3
96,91,3
425,52,2
448,305,2
284,167,5
427,189,5
322,217,2
252,180,4
230,177,4
243,291,1
228,162,3
367,5,2
412,134,4
449,329,3
216,156,4
160,27,1
54,212,3
267,98,4
87,203,4
82,316,3
118,301,4
345,36,5
406,119,3
70,289,2
255,38,4
323,124,2
267,112,3
77,202,3
429,263,3
120,99,4
318,188,3
481,39,1
118,93,5
267,143,2
180,305,3
7,107,3
438,102,1
343,219,5
183,32,1
190,176,4
188,120,3
355,132,2
327,10,4
460,127,5
455,296,3
311,19,2
184,62,3
139,238,1
180,245,1
377,240,3
326,306,1
398,270,1
490,156,3
343,140,1
413,271,5
269,337,3
71,162,3
318,196,3
12,332,2
94,281,2
162,125,3
220,157,4
18,152,5
96,106,4
7,43,3
331,101,5
397,7,5
147,333,3
181,88,4
8,256,2
411,243,2
239,215,2
420,303,2
310,216,4
205,50,1
206,15,4
457,230,4
265,240,2
294,216,1
14,268,2
142,315,2
415,44,4
117,56,5
479,260,4
473,102,5
328,21,1
303,38,4
63,290,2
206,221,1
102,307,4
204,27,1
454,185,4
391,342,2
289,121,5
101,238,3
97,65,3
7,276,5
113,236,5
75,162,1
472,289,2
237,25,2
301,134,3
130,35,4
193,122,4
364,139,4
488,312,4
276,180,1
236,216,1
4,304,2
439,3,5
36,131,1
344,116,2
8,33,3
277,332,2
158,145,5
293,128,4
362,7,1
157,115,5
174,312,3
47,244,4
72,39,1
469,170,2
385,215,4
74,182,5
403,160,2
271,233,4
85,141,4
22,78,1
499,94,1
342,39,3
345,131,1
401,168,3
267,86,5
465,313,4
22,269,2
498,59,1
27,67,4
271,322,4
66,24,4
97,294,2
81,90,3
295,179,1
127,278,3
444,195,4
250,5,4
146,246,1
12,90,1
458,98,4
416,31,1
188,64,1
37,170,5
16,223,4
99,202,4
284,344,4
299,38,4
218,243,5
314,4,2
85,208,5
440,171,1
88,203,3
347,77,4
71,245,2
188,316,2
464,331,2
430,16,1
138,289,5
256,329,5
135,67,2
390,227,5
335,275,4
340,241,5
423,264,1
69,131,4
436,252,3
230,130,1
132,168,4
18,193,2
126,79,4
157,39,1
399,110,1
306,20,5
56,333,2
426,64,4
357,35,2
65,188,4
306,25,1
278,172,2
118,151,4
465,116,5
47,31,5
141,79,1
17,339,5
463,164,2
83,238,5
26,271,4
188,153,3
116,243,1
299,142,1
168,313,5
385,101,2
387,311,2
309,220,3
415,109,1
349,100,1
88,286,3
31,93,3
19,331,2
287,39,5
276,251,3
387,233,5
170,115,4
460,197,1
217,143,1
475,328,4
18,269,3
229,256,5
374,92,5
327,274,1
36,274,4
371,334,4
380,151,3
255,22,4
48,312,5
25,99,2
413,313,3
203,7,3
409,289,3
365,300,4
313,208,5
246,297,3
292,152,5
333,327,5
490,302,5
153,256,1
93,219,2
462,208,2
135,11,4
483,181,4
350,104,1
397,176,4
479,273,5
349,327,5
420,52,3
304,312,3
357,132,3
196,109,4
323,49,3
139,149,1
314,225,3
89,236,5
58,33,2
278,295,5
471,146,3
381,151,4
434,193,1
20,46,2
256,139,2
369,319,3
258,126,1
288,264,5
360,200,2
459,198,5
498,141,3
214,231,5
351,287,2
312,326,2
374,326,4
32,215,2
42,316,1
346,315,4
375,67,3
273,196,5
333,33,4
99,143,4
305,232,3
174,27,4
292,229,1
271,249,3
293,16,2
358,144,5
378,21,4
85,98,1
210,51,4
283,5,1
71,146,4
72,62,3
301,118,1
236,280,4
315,293,4
76,57,2
466,201,2
77,54,3
103,5,2
438,92,4
333,243,3
114,291,5
405,148,4
422,330,1
326,179,5
299,130,4
238,73,2
106,120,2
271,191,3
224,316,3
407,261,2
66,234,3
231,202,5
111,133,5
460,98,2
469,260,4
215,109,4
227,46,2
490,242,2
435,16,2
127,154,3
384,79,4
231,276,3
112,181,3
433,254,4
276,165,4
130,187,1
412,307,2
86,325,5
47,177,2
144,258,3
377,29,3
177,3,4
353,176,4
100,294,1
395,32,3
442,320,1
48,135,1
492,22,2
440,329,1
250,339,2
161,89,4
162,35,1
56,92,4
455,102,1
117,137,4
447,261,5
310,194,5
39,105,3
410,340,2
315,188,5
242,63,5
144,78,5
474,102,2
466,243,5
286,274,2
290,256,5
129,133,4
404,39,3
375,196,4
63,102,5
298,6,5
39,130,4
372,24,4
297,131,4
403,205,5
391,98,4
213,252,3
325,80,1
344,332,2
161,61,1
152,334,2
21,166,5
286,106,2
371,126,1
230,205,2
356,327,2
478,191,4
146,22,2
301,274,2
444,324,4
62,148,5
337,277,4
263,323,4
4,183,2
148,77,4
496,154,3
22,106,4
201,340,1
264,236,4
315,150,4
202,124,1
59,33,1
216,2,2
224,216,4
169,62,2
140,326,2
115,157,1
478,280,4
277,111,3
277,154,5
70,140,1
323,259,2
113,84,5
145,5,3
191,250,5
309,47,2
54,59,5
144,232,3
157,287,4
318,308,1
367,245,4
429,219,3
283,84,3
405,208,2
451,266,5
298,84,5
260,218,2
498,262,3
209,161,1
138,127,4
285,60,4
89,34,2
88,298,4
427,284,1
305,62,1
224,5,5
175,75,2
418,4,3
479,6,4
373,318,4
374,130,3
340,47,5
145,105,2
141,96,1
287,65,3
46,230,4
347,18,3
445,277,4
440,98,2
78,297,2
227,11,5
169,70,1
323,69,5
51,160,1
292,87,3
399,188,1
497,26,3
488,76,3
50,16,3
425,112,3
7,320,5
398,129,2
299,255,1
280,45,5
427,213,5
342,312,5
95,164,5
187,193,2
307,255,3
374,274,2
53,239,5
348,336,4
400,165,1
159,272,3
177,270,3
273,213,3
432,13,5
25,84,4
382,333,1
400,137,5
294,309,4
200,279,2
33,265,3
163,200,5
215,119,1
213,286,3
229,305,2
81,317,5
120,20,2
481,189,3
89,92,4
380,320,3
168,79,2
101,8,4
426,32,2
188,10,1
87,20,3
291,72,1
82,344,3
420,324,1
51,237,4
473,326,3
283,50,1
71,232,2
62,169,1
477,293,5
169,310,2
86,39,1
136,270,3
494,70,2
283,294,2
250,130,2
97,206,1
426,305,4
418,100,2
160,175,4
462,298,1
339,20,2
471,296,3
104,283,1
484,175,1
416,150,4
304,171,1
455,233,2
35,288,3
428,301,2
388,293,5
383,226,3
109,17,2
261,256,4
11,200,2
296,123,5
49,50,3
277,340,5
108,51,5
155,197,4
295,183,5
362,95,1
377,154,4
357,290,1
200,31,4
218,25,3
192,337,5
228,210,5
172,64,5
8,128,1
332,105,1
171,148,1
321,185,1
425,215,4
454,244,3
445,81,4
95,203,1
255,214,2
173,20,2
408,88,1
444,250,2
180,267,4
14,176,3
492,98,1
178,76,2
100,36,1
81,73,2
167,291,5
382,80,3
464,257,5
473,204,4
326,320,3
326,99,4
434,160,2
114,212,3
8,329,5
160,129,5
241,278,4
318,131,1
310,86,4
260,178,3
52,324,5
412,55,3
198,65,4
338,107,5
466,256,4
108,243,1
433,164,1
79,117,5
300,221,3
39,78,4
29,2,3
45,199,4
229,46,5
90,306,3
97,172,1
298,110,1
364,234,4
305,255,5
233,18,5
105,127,5
370,252,3
140,274,4
301,246,2
171,208,2
154,282,5
295,223,1
482,68,4
33,1,2
142,285,3
480,223,3
247,24,2
286,8,3
6,64,1
239,236,2
234,167,3
61,176,4
463,276,2
363,80,3
378,181,1
486,56,4
69,107,3
315,84,1
298,262,1
486,219,4
434,296,1
458,208,2
425,90,3
336,92,2
87,250,4
16,280,2
478,27,3
61,205,2
419,44,4
197,167,2
475,188,5
109,253,5
315,179,2
245,83,4
116,231,5
12,205,2
163,292,1
113,122,4
70,130,4
6,105,2
62,100,4
398,46,2
426,110,1
341,197,3
260,324,2
466,318,4
424,68,3
60,119,1
88,252,5
123,56,4
300,285,2
156,109,1
110,110,4
12,20,4
35,85,5
397,70,5
69,69,4
28,3,5
307,140,2
360,63,5
324,53,1
362,163,3
406,222,5
92,89,1
223,273,1
210,45,4
78,95,1
76,68,1
160,270,4
446,231,3
35,90,1
291,44,5
289,117,2
228,142,3
88,197,4
411,118,3
302,305,3
377,169,1
1,207,3
399,203,4
339,300,2
354,95,1
417,166,5
350,310,2
373,328,4
273,275,2
227,67,3
290,7,3
159,110,4
86,68,2
432,223,1
122,270,5
129,132,5
255,123,3
392,315,1
491,237,4
463,107,1
178,147,1
60,83,2
434,17,1
115,25,1
385,240,3
117,70,1
271,165,4
186,48,3
390,120,4
472,91,5
435,332,4
375,18,4
279,182,3
440,113,3
102,307,2
192,300,2
472,17,3
231,190,3
109,84,5
178,229,2
31,49,1
11,52,3
402,37,1
152,243,2
353,165,3
221,78,4
458,204,2
215,277,1
310,155,1
30,142,2
333,287,2
477,87,4
178,14,3
143,119,3
6,179,1
110,52,1
67,193,5
405,154,3
107,221,4
428,58,3
52,158,4
346,80,1
195,276,3
426,194,3
404,231,2
408,218,1
475,49,4
487,33,5
445,148,3
337,131,2
362,122,1
399,44,5
269,122,2
202,80,5
246,24,1
449,158,3
32,326,4
107,322,3
96,306,1
180,275,1
268,149,4
330,171,3
50,53,5
397,327,1
361,266,2
405,210,3
376,56,3
272,252,5
373,203,4
398,271,2
103,101,5
396,89,2
308,52,2
271,10,2
28,132,5
48,114,2
484,147,4
278,157,1
308,301,2
349,297,1
137,166,3
448,220,2
14,293,3
7,246,5
415,61,5
153,121,3
252,203,3
407,29,2
265,48,5
81,4,3
241,206,3
207,279,4
420,131,5
147,244,2
258,114,2
129,117,3
182,136,2
321,161,3
202,300,2
298,30,4
379,242,1
263,200,1
47,219,4
23,63,5
157,290,4
97,309,4
490,152,4
174,321,2
219,187,5
95,318,5
470,130,5
299,176,5
338,184,5
111,245,1
13,321,1
430,333,5
490,165,4
100,295,4
160,222,3
318,327,1
350,9,2
300,336,3
89,45,2
78,340,4
62,225,2
259,305,1
24,80,1
486,124,5
391,83,4
242,94,4
108,72,5
147,285,1
329,227,2
191,67,4
215,135,3
138,110,1
327,205,1
484,260,5
85,128,1
179,53,1
430,329,2
228,39,5
251,165,5
15,230,4
216,248,2
25,58,1
440,233,3
163,131,1
102,36,5
170,170,4
70,20,3
283,312,5
312,335,2
228,337,3
17,186,2
460,344,4
350,85,4
372,239,3
64,4,5
287,25,1
93,76,3
210,278,2
433,287,3
313,26,5
164,271,2
227,143,4
352,161,1
267,297,2
482,91,1
18,31,3
59,330,2
232,338,2
306,220,4
168,241,1
83,152,4
13,49,4
89,217,2
191,91,5
405,120,4
412,270,5
360,152,3
211,11,2
338,129,5
310,194,5
90,136,4
14,336,4
425,68,3
92,98,5
145,335,5
224,294,4
351,287,3
105,105,1
283,55,2
303,187,1
329,163,3
215,329,4
459,168,3
294,275,1
490,165,4
54,166,4
207,8,1
40,318,3
483,302,5
423,53,3
327,265,5
410,7,3
83,136,4
8,289,3
219,285,4
43,86,5
307,237,1
16,321,4
256,199,5
261,84,3
65,58,3
119,225,2
219,307,4
102,262,3
203,180,2
9,132,3
42,70,5
84,267,3
446,166,4
48,210,4
99,108,1
381,336,1
432,36,1
79,149,3
119,61,1
480,299,2
229,330,3
7,84,2
197,177,1
213,313,5
25,321,1
252,39,2
458,344,5
110,300,3
65,135,5
125,295,2
78,21,4
499,298,1
127,50,1
176,111,2
446,95,3
203,37,5
205,208,5
117,32,5
418,35,5
370,324,4
301,69,3
157,330,5
135,43,3
331,139,4
7,72,5
222,199,4
218,257,1
382,227,5
31,169,1
167,114,4
333,78,3
422,39,1
328,184,5
114,267,2
237,136,5
415,46,4
469,325,4
360,75,4
307,208,3
270,175,3
183,307,4
267,45,1
215,42,2
445,275,2
241,29,4
21,268,5
317,128,5
431,85,1
330,337,5
473,186,4
146,323,3
205,162,4
217,203,3
173,57,4
299,266,2
174,142,1
400,278,3
415,323,3
95,182,2
335,48,4
293,244,3
452,102,1
218,93,3
179,143,1
228,250,4
349,95,3
406,211,4
413,120,5
156,239,3
330,141,2
196,326,3
418,26,1
449,61,4
177,49,4
13,320,1
101,53,1
487,182,2
303,328,5
181,5,2
267,209,4
431,330,5
238,224,4
199,226,5
370,87,3
141,265,3
298,131,3
256,335,1
166,234,4
94,197,1
6,9,5
315,174,5
164,257,4
443,107,3
290,334,2
78,294,2
392,187,2
98,75,4
206,124,1
110,162,2
229,81,2
476,6,1
262,29,3
263,28,5
284,217,5
53,322,2
178,206,3
473,274,3
444,321,3
489,98,2
232,209,3
111,50,4
350,8,3
389,124,5
219,174,3
145,337,1
124,27,1
62,218,2
129,252,4
159,73,5
221,136,4
482,257,3
194,7,3
305,266,1
425,6,1
112,157,3
118,293,3
462,218,3
404,189,3
271,51,1
16,7,2
354,204,5
19,23,2
102,203,4
302,141,5
122,158,2
119,90,4
29,186,5
214,179,2
69,191,5
454,317,5
187,175,4
113,215,5
262,218,2
81,117,1
110,226,4
116,127,5
245,321,2
187,124,4
376,152,2
344,131,4
190,332,3
383,270,2
129,138,3
247,272,2
272,159,4
198,271,1
76,315,3
239,88,5
402,264,3
132,262,4
252,260,4
480,123,3
27,92,2
143,114,4
404,334,1
176,310,1
373,24,4
369,90,4
29,154,3
112,89,4
388,41,2
481,37,3
358,207,4
329,84,1
211,312,2
414,140,2
226,98,4
73,90,1
377,239,2
35,241,3
188,287,1
350,133,2
211,19,1
428,55,5
146,250,2
415,184,5
173,192,4
116,40,3
148,253,1
131,207,1
182,91,5
252,203,2
375,252,4
250,294,3
356,156,5
241,312,2
313,138,4
356,40,1
344,158,1
450,2,2
79,190,1
242,186,3
177,203,1
470,219,1
429,288,4
211,155,2
231,56,1
149,299,4
175,342,4
415,11,3
387,217,4
36,286,5
340,97,1
373,12,5
112,245,2
420,310,2
398,188,3
67,140,1
261,90,3
50,294,1
210,165,1
484,161,1
349,343,5
244,153,1
197,309,3
172,28,1
181,70,5
318,240,4
395,94,5
486,253,2
294,108,1
175,17,4
204,277,2
197,301,2
83,57,3
440,344,2
381,181,1
436,194,1
7,117,4
398,137,5
26,253,2
299,8,2
348,1,2
39,128,3
76,215,1
465,97,1
126,312,2
120,30,2
231,213,5
190,71,3
486,117,4
394,175,1
358,200,4
215,107,4
462,129,2
81,240,2
52,320,3
488,178,2
159,102,2
4,267,5
120,312,2
367,128,4
167,165,3
127,99,2
75,285,2
72,38,2
254,295,4
208,229,1
15,6,5
228,305,3
87,208,5
219,320,3
272,37,4
393,184,1
199,125,4
106,180,4
251,177,2
276,192,2
303,203,1
249,333,3
482,136,2
62,147,2
192,236,2
417,235,4
9,81,4
78,146,5
172,73,2
187,218,1
255,197,5
114,197,4
23,30,5
356,252,1
263,203,1
488,177,3
234,247,3
82,48,4
273,73,2
143,311,5
228,294,2
215,62,1
233,294,5
483,328,1
209,24,4
54,124,3
450,215,4
194,233,2
385,151,3
449,220,1
469,232,2
61,258,4
441,163,1
67,323,1
101,284,5
373,228,3
31,56,2
156,150,5
393,267,5
443,243,5
82,57,5
73,269,1
213,321,5
24,166,1
244,312,1
497,198,5
323,149,2
90,117,3
168,32,3
308,127,3
348,141,3
382,303,3
237,314,1
424,154,2
262,28,2
386,239,2
250,105,4
325,38,4
310,2,5
209,205,5
72,326,2
448,320,4
336,212,3
114,85,1
202,225,3
241,82,2
434,61,1
118,33,1
147,154,1
230,154,1
439,31,2
75,212,5
376,315,2
64,108,2
383,3,1
21,127,3
332,129,1
420,171,2
256,49,3
300,153,4
496,123,1
441,193,4
173,291,5
308,128,2
310,287,5
208,12,4
78,224,4
224,44,2
78,261,1
128,238,1
374,248,4
306,339,4
6,224,4
313,308,1
306,65,5
122,340,3
48,311,5
285,229,5
3,310,2
276,98,5
431,203,4
192,60,1
134,53,1
334,100,3
62,118,2
439,4,3
452,11,5
451,138,4
164,175,1
33,112,5
498,302,1
260,107,5
129,31,2
495,173,5
353,35,4
43,134,3
290,8,2
244,39,2
336,273,2
233,217,1
413,288,1
44,269,5
498,114,5
128,18,3
150,105,2
495,310,4
369,228,4
277,125,1
29,239,4
472,213,4
440,82,5
159,73,3
479,303,4
484,276,4
157,113,5
142,120,1
394,50,5
486,52,2
196,159,4
30,91,4
362,172,3
191,185,1
307,269,3
489,2,2
88,71,2
313,79,1
427,29,4
434,197,1
3,157,2
198,305,3
138,78,4
218,331,4
332,187,2
313,69,2
55,277,2
451,52,1
17,203,1
170,285,5
269,183,3
149,309,1
170,10,4
414,231,1
62,266,3
4,253,1
440,270,4
411,2,4
7,253,2
336,183,1
139,72,4
237,230,3
220,155,5
97,144,1
174,166,1
488,71,5
298,196,2
394,52,5
343,190,4
289,156,2
224,195,4
206,59,4
434,228,2
164,205,3
424,160,4
61,36,1
304,147,3
115,30,2
388,87,3
58,237,3
21,290,3
191,251,1
463,276,1
143,202,5
458,129,5
89,177,2
224,287,5
313,274,2
499,339,4
237,189,2
218,306,3
49,116,2
312,277,1
314,138,3
331,60,4
261,230,3
31,110,5
397,345,2
170,110,3
168,24,2
61,215,4
24,273,3
192,151,5
254,268,4
171,243,5
344,78,4
453,208,3
147,243,5
102,343,4
217,16,2
322,196,5
293,155,2
321,171,2
254,135,3
309,176,5
38,172,3
476,311,2
451,302,5
422,95,3
357,6,5
261,82,2
136,203,5
246,56,3
139,312,4
427,216,5
219,221,5
245,248,1
218,213,2
185,23,5
201,47,2
333,111,3
372,16,4
238,281,4
406,23,2
125,280,2
212,326,2
107,308,2
174,102,5
385,190,2
60,120,5
282,280,1
20,22,5
470,274,1
146,187,2
334,54,5
445,318,2
217,232,2
137,30,2
226,66,3
422,66,2
57,308,2
326,163,2
404,240,1
227,49,1
93,258,2
217,13,4
146,268,3
308,335,2
105,1,2
55,6,5
276,186,4
258,124,2
29,14,1
65,155,5
14,242,2
293,211,4
128,279,4
230,311,1
47,302,3
276,12,5
97,237,3
382,332,1
406,316,4
495,331,5
84,236,1
304,61,4
203,269,1
307,156,3
406,77,3
254,137,4
464,335,5
248,204,4
470,245,4
403,209,3
87,111,4
91,221,3
325,218,3
361,105,2
343,21,2
149,254,1
379,74,1
407,329,3
375,318,2
389,27,3
67,116,4
319,222,2
31,234,5
413,291,3
370,179,3
329,257,1
14,303,2
10,47,4
169,178,4
251,329,2
57,129,5
448,111,3
415,54,2
255,123,2
164,121,2
308,182,5
429,271,5
29,146,1
165,300,3
27,206,3
292,205,3
309,71,3
349,264,2
430,199,3
211,137,1
19,26,1
449,59,1
2,16,1
258,168,5
265,102,4
106,4,1
125,241,4
174,257,4
249,143,5
398,32,4
263,245,5
370,248,1
369,271,1
371,83,4
227,233,2
360,172,1
350,117,1
441,249,2
389,307,2
63,259,2
262,213,1
207,192,2
151,267,2
97,151,1
220,62,3
78,248,2
391,263,3
270,324,4
370,340,1
477,334,5
496,94,1
12,69,3
407,52,2
165,315,5
437,1,1
89,178,1
122,315,4
7,211,3
155,227,1
90,143,3
153,130,1
355,104,5
136,131,1
46,178,1
206,170,5
381,262,2
52,162,3
63,300,4
315,59,2
437,2,4
286,152,3
417,236,1
473,104,4
87,45,5
459,305,2
273,326,4
330,123,1
409,184,2
241,18,1
489,94,4
336,303,4
124,328,5
239,57,1
1,132,5
418,121,4
236,35,4
130,204,1
271,190,4
130,217,1
116,237,4
496,138,3
123,303,2
205,129,4
287,242,1
179,173,5
231,232,2
337,20,5
214,61,1
216,277,4
249,257,3
212,223,5
456,331,4
300,292,1
411,319,3
332,212,1
70,73,2
409,342,3
342,98,5
337,36,3
105,252,3
455,281,5
119,81,1
261,181,4
495,234,4
246,264,1
293,214,5
291,321,3
231,103,5
16,109,3
302,331,4
455,109,1
149,10,5
223,128,1
255,240,1
196,96,1
389,175,4
320,148,2
227,16,4
58,229,3
308,297,3
243,26,1
39,316,4
99,314,1
15,170,4
32,136,2
14,219,2
318,328,3
399,275,1
488,213,3
271,209,3
150,86,3
130,1,3
456,284,4
195,308,5
11,100,3
136,186,1
461,234,4
196,218,2
258,120,3
486,213,5
399,326,5
84,213,4
453,6,3
160,19,2
41,261,1
185,64,1
389,41,1
81,31,1
97,100,2
62,85,4
386,110,3
280,39,2
315,58,5
379,328,4
79,33,3
389,248,5
307,332,2
492,244,2
180,319,2
213,302,4
152,297,4
392,85,2
498,57,3
280,116,4
272,291,4
175,166,4
213,66,2
400,32,5
393,135,1
303,221,1
110,301,3
199,61,1
407,328,5
52,323,3
432,214,5
59,290,1
54,114,3
237,119,3
88,276,2
7,262,5
369,163,2
390,187,4
439,32,2
310,308,4
45,210,2
421,30,4
420,326,2
376,9,1
173,76,2
108,212,1
206,257,2
134,283,2
231,141,5
348,289,5
345,99,5
167,193,3
331,146,5
351,272,1
288,125,5
134,179,2
466,226,3
390,77,3
484,222,3
24,330,4
248,345,2
113,8,1
283,233,4
68,19,2
118,295,1
444,39,3
456,329,2
228,272,3
181,174,3
192,1,2
213,273,1
79,154,5
436,126,4
174,5,5
308,37,1
393,117,3
27,26,2
198,115,2
279,184,4
41,155,1
439,279,4
372,248,1
437,95,5
494,268,5
114,108,5
443,321,1
154,51,1
277,124,1
428,32,2
495,142,1
78,38,2
181,169,1
198,320,3
304,51,4
16,344,1
62,140,5
112,94,5
350,123,1
423,80,3
78,38,5
114,179,1
169,4,3
315,119,2
377,213,5
35,273,2
133,25,1
227,92,2
409,45,1
30,156,3
137,50,5
459,230,3
499,125,2
404,84,2
491,279,3
210,153,2
318,185,1
423,152,5
125,193,1
270,206,5
114,132,3
432,26,3
326,22,4
40,305,4
286,147,3
421,310,4
11,159,1
40,108,1
424,90,1
253,17,5
409,55,4
279,33,2
97,60,5
192,334,5
112,296,2
433,255,2
499,137,3
345,317,3
266,202,4
434,201,5
406,80,4
475,67,3
474,167,4
15,220,3
482,229,1
221,108,5
176,47,2
449,197,1
192,318,4
161,152,2
103,126,2
57,260,3
278,319,2
482,72,5
9,190,5
212,240,2
463,327,2
143,36,4
458,125,1
251,227,1
165,177,5
488,239,3
291,235,3
388,289,5
457,248,1
116,33,2
291,8,1
193,37,4
386,124,1
486,140,4
59,271,3
433,176,4
295,58,2
185,97,1
233,86,1
425,239,4
287,218,3
282,56,5
443,177,3
102,172,3
146,176,5
105,68,1
442,246,5
182,247,5
395,202,4
402,268,2
64,256,4
451,230,4
214,340,2
410,45,2
211,182,4
367,87,4
65,188,4
334,35,4
354,39,1
478,248,3
58,77,3
259,113,1
178,240,5
342,203,3
61,196,1
102,183,2
461,96,5
321,42,5
295,227,3
18,305,4
68,298,2
111,16,3
337,129,5
411,180,5
178,308,4
234,175,2
119,34,4
298,11,5
306,296,1
394,315,4
117,50,3
475,295,2
480,36,4
5,50,2
341,192,3
271,117,3
74,307,4
353,73,3
261,186,1
282,288,3
17,127,1
84,139,1
373,334,4
222,27,3
310,152,5
150,301,5
100,134,1
309,294,3
56,138,2
459,54,5
230,261,5
436,188,5
432,72,4
112,101,5
268,167,2
487,93,1
301,61,1
64,178,4
341,17,1
239,192,3
68,139,3
473,228,5
455,325,5
94,77,2
497,24,4
166,102,1
284,20,1
132,234,1
63,270,1
178,84,5
486,171,3
186,246,5
104,344,3
439,318,3
249,275,1
81,89,3
95,160,5
192,138,3
247,312,3
38,47,2
380,21,1
91,110,3
256,86,3
175,19,3
477,305,5
54,6,1
420,22,2
320,325,3
266,75,2
195,149,1
205,83,4
63,343,1
187,193,2
86,3,2
438,140,4
407,342,4
497,139,5
411,64,2
315,223,3
184,201,4
448,300,2
321,168,4
3,288,5
50,58,1
429,82,4
29,227,3
200,39,5
218,30,1
211,81,1
448,152,3
400,206,3
371,207,1
72,29,2
121,185,3
323,213,2
269,215,1
377,135,1
64,95,3
367,28,2
368,207,4
250,312,2
236,60,5
221,156,2
329,102,2
429,193,4
448,1,4
245,276,2
222,288,1
346,87,4
311,99,3
474,311,1
269,260,1
462,85,2
436,49,1
131,63,4
468,144,5
57,199,2
87,257,2
362,253,1
490,282,2
319,282,2
439,256,4
187,14,5
38,114,4
419,332,4
338,52,3
189,264,3
42,288,1
119,135,5
356,332,5
224,113,4
470,49,4
260,323,5
244,157,3
229,38,2
323,274,4
399,138,4
272,106,5
388,104,5
431,186,4
248,275,3
469,275,1
85,204,2
98,18,2
116,94,4
479,303,5
487,202,2
449,174,1
3,81,4
403,142,4
130,168,4
43,254,5
123,196,1
309,74,5
93,200,4
421,259,1
245,344,4
153,204,1
390,318,4
465,34,1
68,12,4
68,172,2
141,147,1
403,59,4
62,252,4
260,254,3
458,104,4
237,247,5
332,230,3
202,274,2
30,241,3
463,63,5
315,60,2
39,264,2
400,43,4
462,196,5
50,67,2
474,2,2
140,31,1
98,197,5
127,9,2
165,57,5
50,201,1
185,186,1
316,157,5
443,273,3
380,241,3
342,135,1
124,147,2
378,67,3
459,92,5
357,231,1
53,151,3
418,82,1
90,169,1
4,155,4
376,179,1
124,102,2
116,59,3
218,72,1
190,195,1
150,49,5
254,154,5
61,116,4
457,118,1
64,8,1
125,187,1
163,173,3
173,21,1
262,227,4
466,141,1
157,256,2
488,55,4
23,60,3
395,32,2
81,163,2
326,215,1
122,106,1
61,255,1
410,147,1
77,283,3
463,177,1
174,219,3
63,336,4
109,280,5
348,100,1
434,218,5
388,206,5
402,152,5
133,66,5
205,35,1
173,184,1
389,259,5
328,344,4
389,184,2
322,284,5
359,18,2
362,186,1
22,95,4
29,248,4
1,46,5
81,24,2
187,231,4
78,94,2
474,19,1
414,227,3
390,49,2
87,320,2
467,240,2
199,345,3
321,71,4
491,248,3
290,208,5
4,260,5
436,241,4
398,120,1
202,214,4
288,116,4
492,12,4
5,208,1
147,293,3
311,24,2
404,167,3
184,221,2
390,227,4
127,16,5
272,172,4
202,76,5
56,117,1
196,166,2
317,148,5
251,25,1
104,323,5
474,186,5
353,267,5
73,268,1
382,313,2
407,102,1
342,299,3
98,225,1
122,42,1
93,313,5
421,276,1
349,20,2
215,278,5
300,109,5
212,251,1
483,160,4
186,313,2
2,218,3
190,12,4
139,108,4
300,12,5
479,284,4
482,285,4
83,167,4
83,187,3
242,52,2
382,283,1
57,266,5
422,191,4
13,114,2
417,306,2
33,102,3
8,72,3
215,35,1
31,271,2
33,304,4
348,206,3
325,265,4
148,37,5
405,179,1
196,233,4
385,270,5
392,239,1
17,182,4
414,64,2
180,142,1
173,329,1
198,133,3
140,23,2
251,307,2
96,321,3
319,218,3
280,156,5
430,189,4
122,19,1
494,157,4
170,166,2
234,105,5
225,276,4
415,213,2
39,138,3
488,191,2
403,218,1
7,30,5
25,314,5
133,185,1
58,290,4
187,306,5
179,242,5
471,9,5
31,100,2
275,266,3
30,284,5
111,250,4
244,265,4
409,86,4
314,271,2
153,103,3
385,209,2
319,280,1
1,274,2
85,218,1
40,263,4
470,226,4
493,305,1
19,148,5
304,161,5
232,255,3
475,282,3
230,79,1
216,206,5
398,86,4
230,40,3
443,43,3
159,78,3
228,111,5
58,285,1
411,242,4
174,288,5
204,50,2
5,244,4
168,272,1
105,318,5
480,19,5
43,34,2
311,312,3
168,258,3
277,176,1
83,78,5
299,177,4
322,20,4
168,275,4
138,3,1
488,215,2
482,160,3
218,23,2
89,51,3
90,318,5
60,304,2
117,267,2
120,25,1
324,110,4
256,278,5
153,219,3
359,182,2
91,120,4
118,199,1
23,302,1
102,191,4
212,102,4
53,204,5
437,303,3
281,151,2
23,198,3
122,263,3
360,188,2
481,37,1
333,94,5
19,177,3
387,79,4
61,303,5
312,175,4
117,249,3
193,4,2
402,136,5
294,13,5
75,247,2
430,215,4
17,283,3
269,329,4
98,116,2
323,28,3
133,341,3
59,128,1
72,247,1
145,214,4
25,27,5
140,309,4
228,44,2
416,174,4
360,93,4
287,311,2
213,306,2
229,197,4
77,185,2
408,328,4
210,327,5
335,25,2
360,255,2
438,10,4
231,133,4
28,119,3
446,81,1
317,314,3
126,129,4
3,141,5
275,250,2
416,169,2
478,22,1
306,49,1
386,263,4
8,152,3
375,158,3
335,180,1
423,119,2
451,252,1
354,284,3
196,150,2
221,332,1
182,277,2
147,186,5
283,64,4
345,284,3
94,87,4
364,188,3
189,141,5
277,103,2
292,39,2
19,188,2
17,304,5
173,91,2
65,40,5
63,184,1
380,301,3
13,269,2
165,71,1
86,108,3
11,268,1
36,162,1
7,278,1
166,58,5
164,120,4
439,169,1
261,94,1
349,88,2
313,102,4
355,130,3
376,166,3
35,199,3
244,86,4
340,262,2
413,338,2
49,151,2
167,323,3
371,219,1
312,236,1
290,72,2
351,207,5
302,272,3
3,112,5
19,183,3
439,303,1
307,201,1
113,90,5
388,87,1
385,83,2
429,226,1
250,153,3
172,40,2
355,20,1
241,212,4
295,326,3
183,206,5
47,116,3
268,246,2
5,113,4
164,338,2
202,25,1
199,127,3
329,262,4
93,258,3
216,84,5
168,199,5
277,31,2
398,337,5
125,226,2
298,290,1
333,84,2
396,123,4
223,234,2
74,282,5
344,292,3
403,187,1
228,269,1
157,38,2
312,259,3
133,148,3
60,136,4
9,48,5
224,193,2
255,205,2
116,59,3
336,293,1
497,163,4
64,40,5
226,45,3
159,112,3
352,26,2
215,206,3
493,123,4
314,240,2
498,71,5
215,176,5
202,14,1
161,144,2
295,81,3
372,285,3
259,48,1
191,77,3
327,94,2
291,208,1
193,223,3
296,12,3
330,169,3
346,189,2
340,44,3
366,268,4
203,56,5
287,3,1
89,17,4
326,252,3
232,258,5
397,55,3
364,146,1
414,94,2
29,81,1
265,286,2
74,163,3
206,271,4
154,281,1
184,343,2
267,1,2
410,243,1
41,327,5
2,5,5
135,296,3
239,88,3
450,329,5
369,120,4
244,257,1
318,244,3
68,193,2
287,133,5
216,327,2
163,120,5
116,193,1
38,268,4
19,272,4
387,88,5
338,73,3
211,133,3
188,186,5
224,243,2
227,256,3
352,330,1
450,196,3
79,194,2
487,311,3
373,201,1
5,91,2
91,276,3
187,200,2
189,305,2
466,72,5
154,317,1
441,96,2
148,209,2
239,252,2
335,285,1
16,34,5
359,146,3
206,287,3
448,103,2
260,307,2
123,11,3
74,136,2
168,133,2
144,210,2
155,95,5
88,166,5
169,140,3
446,301,5
319,129,1
325,339,5
329,215,3
436,113,5
259,159,2
67,65,4
253,96,5
485,274,1
242,159,1
321,17,1
69,46,3
135,107,5
206,321,3
60,224,2
259,224,4
195,293,4
46,181,1
39,280,2
304,331,3
65,283,4
14,129,5
71,337,4
9,110,1
76,80,2
239,247,3
82,14,5
444,73,1
468,255,3
480,337,5
126,29,4
122,220,1
434,4,4
389,99,4
464,202,4
437,280,3
84,276,5
32,104,2
367,68,3
161,274,3
133,127,4
124,112,5
31,345,3
208,261,5
188,180,5
404,139,1
342,334,2
438,152,1
219,79,3
378,276,3
499,279,3
92,34,4
160,130,4
191,193,3
113,45,3
470,174,1
417,270,5
320,86,3
130,159,3
136,327,3
46,191,3
385,330,5
419,284,2
483,217,4
235,89,5
425,128,4
243,325,3
498,67,3
325,164,3
91,79,4
30,240,4
183,68,3
322,55,2
371,19,3
145,85,1
178,241,3
265,208,1
155,274,4
480,31,1
168,327,4
475,288,2
233,195,1
148,96,5
405,66,5
260,144,1
485,123,4
419,310,2
371,288,2
292,147,3
462,287,3
17,33,4
338,152,4
492,77,3
114,194,2
23,208,5
419,266,3
488,311,2
265,209,3
133,223,2
353,228,2
479,187,1
337,23,1
78,266,5
428,267,5
430,130,3
82,284,1
175,25,3
89,141,1
470,283,3
415,51,3
71,240,5
65,212,1
136,335,1
143,283,5
157,140,3
498,249,2
381,285,3
313,321,5
438,154,5
14,241,5
242,103,4
199,29,3
121,269,3
419,114,4
120,17,3
7,95,5
446,290,2
281,146,5
303,159,1
97,211,5
261,98,4
490,340,3
168,314,2
165,282,4
390,123,1
328,296,3
360,214,3
368,103,1
402,70,4
12,298,1
159,18,1
114,89,1
138,85,5
89,302,2
324,290,1
350,111,1
76,12,3
401,345,4
96,181,4
470,237,2
198,166,5
371,312,3
439,54,5
135,16,1
101,302,3
441,16,5
110,181,1
266,279,1
189,243,2
462,324,3
240,40,2
279,43,1
114,176,4
330,257,2
374,199,2
486,190,5
317,345,1
13,96,4
15,277,3
457,189,1
374,123,5
102,271,1
206,21,5
172,58,4
152,59,4
242,227,1
167,170,4
11,193,1
75,196,2
463,77,2
239,81,5
57,203,5
330,39,1
29,205,5
255,263,4
149,297,5
154,338,1
170,37,3
369,155,4
260,232,2
389,204,4
113,166,4
260,17,3
61,84,3
454,215,2
190,30,2
413,17,5
451,283,3
268,197,2
259,129,4
48,203,5
383,139,5
480,191,3
123,212,4
37,159,3
400,239,1
484,147,4
146,126,2
16,17,1
186,343,3
295,238,5
92,184,2
117,5,4
411,123,2
32,153,3
318,8,3
124,241,5
455,199,3
199,248,2
242,56,5
215,332,3
363,329,5
69,179,5
243,246,5
366,184,4
21,255,2
331,77,3
399,254,5
455,128,3
267,233,4
334,157,4
351,316,3
210,88,4
486,343,3
198,68,3
114,219,5
217,178,2
495,8,5
157,227,1
495,341,4
41,14,1
287,304,5
219,141,2
74,130,1
32,42,3
433,171,5
217,129,2
52,115,4
448,4,4
228,112,3
261,330,5
453,273,3
430,254,2
69,23,3
54,53,3
18,33,5
422,27,4
391,73,2
353,77,4
378,258,2
171,40,2
104,116,1
185,72,4
162,217,3
393,39,4
355,182,4
251,39,2
258,141,3
451,228,2
53,204,4
33,52,3
335,4,1
460,54,5
385,302,2
446,320,2
30,87,1
39,43,1
91,98,3
56,269,1
378,196,2
339,104,3
92,79,5
423,333,1
225,135,1
407,214,5
4,40,4
392,222,1
26,226,2
413,147,1
422,248,1
415,95,5
239,153,3
269,197,3
404,121,2
91,48,3
56,186,3
72,223,2
357,28,5
356,284,3
216,34,2
65,334,2
204,19,4
88,210,3
395,141,4
251,60,2
405,332,5
99,323,3
395,200,5
408,111,5
83,166,2
233,126,5
430,13,2
429,276,5
386,21,4
482,91,5
175,138,3
232,317,5
264,284,5
471,299,4
106,212,4
369,26,2
214,196,1
363,33,4
234,211,1
82,299,1
226,147,5
187,206,3
179,332,1
491,37,2
437,311,3
417,105,3
471,155,1
304,163,3
434,229,2
115,270,2
440,12,2
326,304,4
110,234,1
132,259,4
37,292,1
369,333,3
396,103,5
293,271,3
137,236,2
479,85,3
138,152,4
201,256,5
165,80,2
45,90,5
46,78,1
494,54,5
116,336,5
163,176,5
30,63,5
76,264,1
33,30,4
280,188,4
140,198,1
54,267,1
290,33,3
112,17,2
484,92,2
323,238,1
362,202,3
338,212,3
289,256,3
152,252,2
196,122,3
216,283,2
98,267,3
130,283,3
2,149,2
498,258,5
443,124,3
489,245,4
214,200,1
484,9,1
69,113,5
64,130,1
311,238,3
351,58,5
497,123,5
459,278,1
374,187,5
401,342,3
246,165,1
40,129,2
124,8,3
457,103,2
463,232,5
3,335,2
102,65,2
121,162,4
468,258,1
197,56,1
266,284,5
342,72,4
331,289,5
38,166,1
283,125,3
195,240,3
391,147,4
70,42,5
309,111,1
340,264,5
166,93,1
99,31,4
396,221,1
326,77,5
275,14,1
312,99,1
434,140,4
466,282,4
390,277,1
322,146,2
319,151,2
15,51,5
190,335,2
122,234,1
289,137,3
259,305,2
297,1,1
274,97,3
111,198,2
436,53,3
460,294,5
475,130,3
203,216,4
17,37,5
287,222,2
309,341,4
16,108,5
226,148,1
482,318,1
373,129,4
487,18,4
488,4,1
54,117,3
8,215,1
335,163,4
255,344,4
280,92,4
361,118,2
394,215,3
382,158,4
252,84,5
264,181,2
468,33,4
10,341,4
394,185,1
428,89,3
229,219,4
50,251,2
488,80,3
215,262,4
127,342,5
407,206,3
188,90,4
139,37,3
67,146,2
313,216,1
233,243,5
68,325,4
431,134,4
281,170,3
309,40,4
114,309,1
101,131,1
381,113,1
2,280,2
437,249,1
378,62,5
83,113,1
258,156,3
297,69,3
292,251,2
289,301,5
471,83,3
362,33,3
293,224,5
403,238,5
456,93,2
396,142,4
16,187,1
270,280,5
492,6,5
303,253,4
63,342,3
459,38,5
473,82,4
75,275,1
153,272,5
111,84,4
412,252,5
309,99,2
218,104,2
73,308,2
189,209,5
9,183,3
386,264,2
44,62,3
143,144,3
276,108,4
483,129,1
191,341,3
145,151,4
190,9,2
95,266,4
128,299,1
121,28,3
370,50,4
50,214,4
71,38,3
194,136,1
475,196,4
171,183,1
239,296,4
260,318,1
313,118,1
202,60,5
351,169,2
13,118,2
456,235,2
370,314,1
339,56,3
124,10,5
63,38,1
264,40,5
262,248,3
117,223,5
138,225,5
104,54,4
59,311,2
275,233,5
207,226,4
335,52,3
39,56,5
112,1,2
380,9,1
331,182,5
400,25,2
117,82,2
110,213,4
369,231,2
184,182,2
110,338,3
355,93,1
360,91,1
132,193,4
162,219,1
20,37,1
101,115,1
175,314,4
488,172,1
241,61,5
154,77,1
273,103,2
29,29,4
488,218,2
26,119,5
244,208,3
136,247,4
285,42,2
148,149,1
444,184,1
385,325,4
442,209,2
451,33,1
349,289,5
315,320,2
77,167,3
388,257,1
40,142,5
238,150,4
100,120,3
286,344,4
334,64,2
419,11,2
384,241,5
19,100,2
272,280,5
171,210,4
16,200,1
343,10,5
473,102,3
144,179,4
236,245,3
311,11,3
218,277,3
353,124,3
149,312,4
25,159,4
159,93,4
410,129,3
371,251,3
33,245,5
206,48,1
451,290,1
300,218,4
239,210,4
46,76,4
298,182,1
445,213,4
18,136,2
208,186,5
94,211,2
61,217,1
121,182,3
443,203,1
339,220,4
394,96,4
50,221,2
319,35,4
390,225,5
204,64,3
47,344,3
162,298,4
350,147,5
119,64,1
68,44,3
421,61,1
122,49,3
401,222,5
46,296,2
404,106,2
209,223,1
314,189,1
461,192,4
354,263,5
284,109,4
405,311,4
357,46,4
432,308,3
10,270,1
14,166,4
335,256,3
153,165,5
171,311,1
169,194,1
398,262,5
433,314,2
392,255,5
138,153,4
373,11,5
462,170,5
498,122,2
67,246,1
342,76,2
8,263,2
93,113,3
375,124,1
440,83,4
127,121,5
41,133,4
131,209,1
473,166,4
462,243,3
477,215,4
369,142,1
488,119,1
310,17,5
388,66,4
244,256,2
143,90,3
393,300,3
41,340,1
101,240,1
439,189,4
363,262,4
456,143,4
366,153,5
70,13,2
24,189,3
134,89,2
417,118,1
312,162,2
265,90,1
462,278,1
235,334,2
17,69,5
64,233,3
197,23,2
86,265,2
326,48,1
468,24,1
188,106,4
322,9,3
226,49,5
203,309,4
148,96,4
391,53,2
326,197,5
451,162,3
228,139,3
397,99,2
104,122,1
226,185,2
98,132,4
386,84,2
80,221,3
231,195,5
430,170,2
8,230,1
192,98,3
187,142,2
284,220,1
68,39,2
46,4,3
28,285,3
110,162,2
438,235,2
42,118,1
496,249,4
215,189,2
60,189,2
255,62,5
288,18,2
390,194,2
160,306,1
472,121,2
376,47,1
109,172,1
240,159,5
485,117,2
422,59,3
163,139,3
88,155,1
316,254,3
254,213,5
145,193,4
475,224,4
31,322,3
240,35,3
191,325,2
128,96,5
340,72,5
104,206,3
172,29,5
471,339,5
264,340,5
98,139,3
151,198,3
294,24,4
103,33,2
258,37,2
19,172,2
377,251,5
134,200,1
335,78,5
232,157,1
441,333,4
370,221,2
215,229,2
232,207,1
82,60,5
219,22,5
136,275,3
495,185,4
394,192,5
274,181,2
384,316,1
16,98,2
95,154,3
38,257,5
346,310,2
470,18,4
410,302,1
172,236,4
387,155,2
287,2,2
248,268,2
9,228,2
177,176,5
359,224,1
53,18,2
94,259,4
278,333,5
471,319,1
195,265,3
253,164,1
315,339,3
254,256,3
196,115,1
428,181,1
252,178,1
143,225,2
333,128,4
9,117,3
472,54,5
168,133,4
497,120,5
293,146,3
277,162,2
492,130,5
117,124,3
143,314,4
73,260,2
319,105,2
186,266,1
183,114,2
263,248,2
385,271,2
20,297,4
8,275,3
372,199,3
308,162,2
86,5,2
491,205,1
326,92,4
261,270,1
37,203,1
27,80,5
358,108,2
435,179,4
403,56,1
204,150,3
221,37,1
498,204,5
234,334,3
444,49,1
337,7,3
25,5,1
42,246,2
321,61,4
116,232,3
149,6,3
297,167,4
448,262,4
455,210,1
230,148,5
72,333,5
44,195,5
454,191,5
400,21,1
183,224,2
49,28,5
185,162,3
315,278,3
229,154,2
262,28,4
279,25,3
425,239,2
354,249,4
69,167,2
113,273,5
239,120,1
457,219,1
321,271,2
50,8,2
421,168,1
313,225,1
445,253,2
294,97,1
358,294,4
448,303,3
451,330,5
262,246,4
338,206,3
133,189,5
366,24,1
236,185,1
486,219,1
444,336,3
311,236,4
74,92,3
71,177,1
458,188,4
331,37,1
105,18,4
199,126,1
158,124,4
65,9,3
174,292,5
297,296,3
81,280,3
394,11,4
130,37,3
232,194,2
445,103,2
175,103,4
256,330,4
396,131,1
483,91,5
71,100,2
86,264,1
123,7,1
51,247,2
477,297,5
85,203,1
249,218,4
180,6,2
